{"type": "FeatureCollection", "features": [{"type": "Feature", "properties": {}, "geometry": {"type": "Polygon", "coordinates": [[[106.7961798, 10.9734786], [106.7963723, 10.9724333], [106.7961806, 10.9716961], [106.7958749, 10.9712696], [106.7927098, 10.9695896], [106.7881951, 10.9681055], [106.7863583, 10.9672303], [106.78469, 10.9660547], [106.7832499, 10.9646174], [106.7806434, 10.9637078], [106.7789048, 10.9627997], [106.777896, 10.9619561], [106.7761495, 10.9595903], [106.7755185, 10.9592452], [106.7735571, 10.9592533], [106.7732134, 10.9594608], [106.7729977, 10.9598653], [106.7729443, 10.9617851], [106.7727773, 10.9622371], [106.7720561, 10.9630891], [106.7711685, 10.9634296], [106.7712082, 10.9639723], [106.7715821, 10.9647367], [106.7713282, 10.9652616], [106.7702565, 10.9651524], [106.7696957, 10.9643622], [106.7692897, 10.9641577], [106.7679289, 10.9644446], [106.7673067, 10.9641113], [106.7666059, 10.9634518], [106.7664361, 10.9636387], [106.7667285, 10.9641548], [106.7664924, 10.9645622], [106.7663244, 10.96447], [106.7663047, 10.9640092], [106.7660639, 10.9640404], [106.7657789, 10.9644042], [106.7648047, 10.9637607], [106.7648034, 10.963554], [106.7644239, 10.9634095], [106.7636232, 10.9647232], [106.7620874, 10.963298], [106.7622899, 10.9629888], [106.7619663, 10.9618707], [106.76248, 10.9609698], [106.7630976, 10.9608117], [106.7648298, 10.9597913], [106.765137, 10.9590997], [106.7651569, 10.9585618], [106.7646567, 10.9581492], [106.7648073, 10.9568483], [106.7645266, 10.9565686], [106.7645371, 10.9560918], [106.7640247, 10.9559669], [106.7637089, 10.9549087], [106.7635205, 10.954567], [106.7631149, 10.9543279], [106.7628212, 10.9534134], [106.7644555, 10.9521881], [106.7659061, 10.9518379], [106.7664, 10.95185], [106.7669939, 10.9521621], [106.7687364, 10.9517248], [106.7691816, 10.9518428], [106.770198, 10.9525134], [106.7708821, 10.9520361], [106.7710111, 10.9510126], [106.7703992, 10.9513519], [106.7698536, 10.9508757], [106.7700318, 10.9502718], [106.7699988, 10.9496477], [106.7695224, 10.949078], [106.7693154, 10.9475943], [106.7698234, 10.9464198], [106.7700984, 10.9442358], [106.7714514, 10.94264], [106.772426, 10.9417709], [106.7726604, 10.9412035], [106.7745867, 10.9398988], [106.7754205, 10.9403084], [106.7763847, 10.9386308], [106.7765142, 10.9386137], [106.7769888, 10.9393231], [106.7783206, 10.9391206], [106.7784331, 10.9389077], [106.7783024, 10.9384722], [106.7780205, 10.9382982], [106.7777732, 10.9377307], [106.7792968, 10.9368205], [106.7795979, 10.9372326], [106.7798089, 10.9370943], [106.7806975, 10.9377104], [106.7820358, 10.9382108], [106.7826645, 10.936631], [106.7833506, 10.9358094], [106.7835554, 10.9349478], [106.7833865, 10.9342447], [106.7837289, 10.9330855], [106.7836955, 10.9327519], [106.7845814, 10.93287], [106.7856167, 10.9333045], [106.7863323, 10.9329726], [106.7872169, 10.9328198], [106.7886276, 10.9329235], [106.7897809, 10.9324512], [106.7903065, 10.9319686], [106.7907522, 10.9318458], [106.7916093, 10.9305576], [106.7917697, 10.9298467], [106.7913499, 10.9283403], [106.7916465, 10.9276932], [106.7917716, 10.9265979], [106.7891991, 10.9242344], [106.7880575, 10.9228611], [106.7881823, 10.9221468], [106.7944724, 10.9236986], [106.7946517, 10.9230362], [106.7950715, 10.9230665], [106.796367, 10.9227031], [106.7970963, 10.922113], [106.797925, 10.921868], [106.7987793, 10.9219455], [106.8006651, 10.9205987], [106.8011304, 10.9200413], [106.8022671, 10.9196712], [106.8026843, 10.9199737], [106.8033938, 10.9199549], [106.8042935, 10.9204934], [106.8051213, 10.9204229], [106.8052364, 10.9207618], [106.8065054, 10.9206737], [106.8067403, 10.9204411], [106.8075459, 10.9203797], [106.8077718, 10.9199622], [106.8083709, 10.9197549], [106.809041, 10.9198396], [106.8091258, 10.9197247], [106.8089147, 10.9195658], [106.8093332, 10.9189361], [106.809834, 10.9188065], [106.8102121, 10.9185111], [106.8107446, 10.9186428], [106.8108829, 10.9185271], [106.8108381, 10.9180121], [106.8112935, 10.9177606], [106.8118667, 10.9177686], [106.8120253, 10.9176329], [106.8120537, 10.9171938], [106.8116285, 10.9169329], [106.8117442, 10.9161719], [106.8114398, 10.9157966], [106.8115171, 10.9154174], [106.8121889, 10.9146407], [106.8123867, 10.914157], [106.8136999, 10.9131015], [106.8146322, 10.9110642], [106.8151867, 10.9103502], [106.8150629, 10.9092266], [106.815273, 10.9079723], [106.8151445, 10.9078422], [106.8141844, 10.9077608], [106.813948, 10.9075083], [106.8147266, 10.9063567], [106.8148035, 10.9046944], [106.8161058, 10.9033521], [106.8172129, 10.9031602], [106.8213619, 10.9031744], [106.8214979, 10.9037038], [106.821839, 10.903836], [106.8223179, 10.903154], [106.823553, 10.9027958], [106.8265256, 10.9038206], [106.8280829, 10.9039136], [106.8286123, 10.9041012], [106.8300135, 10.9050043], [106.8307841, 10.9062975], [106.8316807, 10.9067331], [106.832115, 10.9067468], [106.8326707, 10.9063525], [106.8334665, 10.9046704], [106.8345714, 10.9036653], [106.835851, 10.9033351], [106.8392887, 10.9029983], [106.8399404, 10.8996004], [106.8412022, 10.8949801], [106.8428129, 10.8903073], [106.8447386, 10.8856003], [106.8460424, 10.8829182], [106.8475366, 10.8803654], [106.8491569, 10.8780203], [106.8513221, 10.8753108], [106.849292, 10.8695668], [106.8468153, 10.8648961], [106.8488531, 10.859071], [106.8508067, 10.85431], [106.8538133, 10.8480194], [106.856744, 10.8428695], [106.8646831, 10.8338632], [106.8711054, 10.8259823], [106.8771366, 10.8198366], [106.8781227, 10.81854], [106.8810585, 10.8124723], [106.8816459, 10.8100813], [106.8817591, 10.8083737], [106.8815567, 10.8065311], [106.8806878, 10.8048208], [106.8786841, 10.8021248], [106.875679, 10.7985086], [106.8657355, 10.7912147], [106.8647338, 10.7899654], [106.8643995, 10.7891759], [106.8642654, 10.7884521], [106.8643661, 10.7865777], [106.8646648, 10.7851774], [106.8649947, 10.7844494], [106.8654422, 10.7837295], [106.8713587, 10.7772307], [106.8733521, 10.7736419], [106.873868, 10.7722942], [106.8741548, 10.7704548], [106.8738005, 10.7687001], [106.8726326, 10.7669322], [106.8707164, 10.7654647], [106.8694652, 10.7648269], [106.8682886, 10.7645651], [106.8668961, 10.7644838], [106.8652882, 10.764637], [106.8638538, 10.7650669], [106.8624117, 10.765739], [106.8609354, 10.766716], [106.8584194, 10.7691155], [106.8536416, 10.7741461], [106.8521205, 10.7749362], [106.8512722, 10.7751564], [106.8487105, 10.7754991], [106.8465768, 10.7754044], [106.8450574, 10.7750983], [106.8426174, 10.7741932], [106.8407189, 10.7731639], [106.8390248, 10.771997], [106.8355853, 10.7691959], [106.8313625, 10.7642026], [106.8293199, 10.761024], [106.8289198, 10.7606319], [106.8283027, 10.7602232], [106.8266356, 10.7595517], [106.8257854, 10.7594491], [106.8248281, 10.7595803], [106.8238554, 10.7601599], [106.8234613, 10.7607717], [106.8230374, 10.7624235], [106.8230167, 10.7634726], [106.8238146, 10.7668923], [106.8253325, 10.7712668], [106.8256022, 10.7725292], [106.8257376, 10.7739807], [106.8256227, 10.7759176], [106.8252961, 10.7772193], [106.8250649, 10.7778482], [106.8243479, 10.7788743], [106.8234677, 10.7798119], [106.8225319, 10.7805166], [106.8217297, 10.7808709], [106.8209711, 10.7810009], [106.8194156, 10.7808846], [106.8163172, 10.7797015], [106.8145391, 10.7786541], [106.8128045, 10.7772928], [106.807322, 10.7719553], [106.8060649, 10.7703311], [106.8052142, 10.7686419], [106.8034011, 10.7631931], [106.8013778, 10.760408], [106.7993177, 10.7589946], [106.7968881, 10.7577716], [106.7853359, 10.7530425], [106.7773151, 10.7493683], [106.774151, 10.7476922], [106.7708469, 10.7452907], [106.7686561, 10.7431427], [106.764866, 10.7377245], [106.7550705, 10.7253651], [106.7536556, 10.7234634], [106.752304, 10.7204199], [106.7519171, 10.7185809], [106.7512531, 10.713473], [106.7512155, 10.7092477], [106.751422, 10.7074537], [106.752332, 10.7033683], [106.7530902, 10.7009507], [106.7540803, 10.6986155], [106.7564167, 10.6946874], [106.760839, 10.6892187], [106.7654139, 10.6845354], [106.7709056, 10.6798053], [106.7740594, 10.6774409], [106.7773447, 10.6752563], [106.7811625, 10.6730337], [106.7871478, 10.6699896], [106.790411, 10.6680587], [106.8017263, 10.6600398], [106.8063148, 10.6575343], [106.8077563, 10.65632], [106.8089514, 10.6548702], [106.8099771, 10.6529585], [106.8127962, 10.6429403], [106.8142876, 10.6401707], [106.8166436, 10.6368153], [106.8202919, 10.6325225], [106.8224301, 10.6304774], [106.8250354, 10.6287879], [106.8271863, 10.6278756], [106.8295363, 10.6272657], [106.8316167, 10.6269912], [106.8355098, 10.6268512], [106.8379655, 10.6263197], [106.8400615, 10.6336507], [106.8405928, 10.6350522], [106.8420756, 10.6373473], [106.8434381, 10.6384115], [106.8451309, 10.638922], [106.8485114, 10.6394599], [106.8507011, 10.6395924], [106.8525253, 10.6395013], [106.8546534, 10.6389312], [106.8581226, 10.6368689], [106.8592929, 10.6366097], [106.8603392, 10.6367029], [106.8612987, 10.6371232], [106.8620687, 10.6378256], [106.8635303, 10.6410915], [106.8644423, 10.6420007], [106.8650866, 10.6423678], [106.8660318, 10.6425716], [106.8688854, 10.6426978], [106.8698679, 10.6432381], [106.8707454, 10.6444865], [106.8714755, 10.6466474], [106.8720236, 10.6473272], [106.8727386, 10.6478356], [106.8745403, 10.6484551], [106.8762938, 10.6486011], [106.8797241, 10.6484712], [106.8819583, 10.647984], [106.8833767, 10.6471525], [106.8842399, 10.6459443], [106.8845323, 10.6448717], [106.8847786, 10.641631], [106.8851664, 10.640619], [106.8857519, 10.6398031], [106.8869336, 10.6389593], [106.8929229, 10.6367507], [106.8940187, 10.6360531], [106.8961022, 10.6334318], [106.8970748, 10.6309677], [106.8980046, 10.6295321], [106.8997383, 10.6279134], [106.9025795, 10.6256824], [106.9040689, 10.6239935], [106.904912, 10.6226273], [106.9057885, 10.6207269], [106.9073328, 10.6153307], [106.9086321, 10.6120876], [106.9100484, 10.6094444], [106.9113714, 10.6081568], [106.9128128, 10.607515], [106.9143498, 10.6074468], [106.9158035, 10.6079423], [106.9174236, 10.6092107], [106.9186148, 10.6098086], [106.9199677, 10.6100289], [106.9215029, 10.6097301], [106.9223611, 10.6092614], [106.9230816, 10.6086058], [106.9245679, 10.6063106], [106.9259391, 10.6046917], [106.9271038, 10.6036511], [106.928168, 10.6029951], [106.9297745, 10.6023911], [106.9334328, 10.601405], [106.9352672, 10.6001579], [106.936433, 10.6002134], [106.9378418, 10.5999071], [106.9386019, 10.5993595], [106.9400409, 10.5975069], [106.9405574, 10.5970635], [106.9413844, 10.5967216], [106.9421773, 10.5966184], [106.9438925, 10.5967857], [106.9466067, 10.5973811], [106.9498601, 10.596027], [106.9553752, 10.5942063], [106.9605119, 10.5935822], [106.9611932, 10.5932718], [106.9636957, 10.5912158], [106.9666688, 10.5905204], [106.9676343, 10.5900994], [106.9687519, 10.5893028], [106.9694637, 10.5886699], [106.973349, 10.5839155], [106.9749271, 10.5823359], [106.9757061, 10.5820409], [106.9778224, 10.5822371], [106.9789932, 10.5821331], [106.9796263, 10.5819196], [106.9819033, 10.5806056], [106.9835542, 10.5792577], [106.9837328, 10.5792082], [106.9838641, 10.5793685], [106.9858388, 10.5833465], [106.987199, 10.587777], [106.9870997, 10.5900411], [106.986361, 10.5939229], [106.9862101, 10.5957231], [106.9863267, 10.5961251], [106.9871145, 10.5971998], [106.9895668, 10.5993529], [106.9905627, 10.6005472], [106.9907499, 10.601819], [106.9903196, 10.6032076], [106.9901955, 10.6041376], [106.9903366, 10.6046794], [106.9907667, 10.6051994], [106.9920265, 10.605717], [106.9941641, 10.6055919], [106.9951279, 10.6053629], [106.9959167, 10.6054216], [106.996499, 10.6058795], [106.9972958, 10.6073604], [106.9981438, 10.6077893], [106.9990204, 10.6077064], [107.0002961, 10.6069837], [107.0005059, 10.6070001], [107.0010416, 10.6077113], [107.0024645, 10.6087938], [107.0024421, 10.609468], [107.0021205, 10.6102879], [107.0022063, 10.6108245], [107.0030034, 10.6110529], [107.0053748, 10.6099712], [107.0059494, 10.6098554], [107.0064605, 10.6099432], [107.0070344, 10.6103618], [107.0082867, 10.6130075], [107.001964, 10.6179383], [106.9991304, 10.6204087], [106.9975855, 10.6231715], [106.9968345, 10.6272207], [106.997049, 10.6297725], [106.9987656, 10.6342013], [107.0009543, 10.636015], [107.0026066, 10.6371327], [107.0065977, 10.6371538], [107.0085933, 10.6365844], [107.0108951, 10.6352102], [107.0142529, 10.6322529], [107.0150208, 10.6318148], [107.0164367, 10.6313204], [107.0175147, 10.6315562], [107.0179587, 10.6321359], [107.0180622, 10.6330091], [107.0159696, 10.6387026], [107.0139274, 10.6406386], [107.0139195, 10.6436473], [107.014657, 10.6440935], [107.0169499, 10.6449566], [107.0187387, 10.6453322], [107.0191534, 10.6456438], [107.019371, 10.6469287], [107.0199239, 10.6473107], [107.0205953, 10.6473528], [107.0212337, 10.6466889], [107.0215096, 10.6468008], [107.0386514, 10.6550067], [107.0383116, 10.6557851], [107.0403957, 10.6561947], [107.0444585, 10.6574539], [107.0470196, 10.657781], [107.0543686, 10.6582144], [107.0551928, 10.6580423], [107.0581046, 10.6569041], [107.0624377, 10.6574652], [107.0645791, 10.6569063], [107.0650438, 10.656133], [107.0656797, 10.654421], [107.0662497, 10.6538124], [107.0668936, 10.6535217], [107.0694922, 10.6534868], [107.0728587, 10.653814], [107.0749403, 10.653818], [107.0778085, 10.6533899], [107.0818897, 10.653649], [107.0852854, 10.6534987], [107.087914, 10.6532009], [107.0904004, 10.6532879], [107.0935493, 10.6531218], [107.096489, 10.6519593], [107.0992565, 10.657306], [107.1005239, 10.6585078], [107.1007768, 10.6589306], [107.1011845, 10.660872], [107.10107, 10.6620577], [107.1014248, 10.6628146], [107.1020007, 10.6629065], [107.1028402, 10.6636498], [107.1033472, 10.6638765], [107.1048336, 10.6640208], [107.1051172, 10.6639139], [107.1054807, 10.6643995], [107.1059832, 10.6643237], [107.1064398, 10.664828], [107.1070646, 10.6649538], [107.1072577, 10.6655348], [107.1076099, 10.6657934], [107.1083528, 10.6669118], [107.1096504, 10.667883], [107.1100705, 10.668901], [107.1109431, 10.6693415], [107.1110986, 10.669717], [107.1130446, 10.66991], [107.1144623, 10.6705294], [107.1154935, 10.6703756], [107.1155329, 10.670766], [107.1158355, 10.6708984], [107.1161643, 10.6708477], [107.1165987, 10.6705116], [107.1174647, 10.6710524], [107.1174805, 10.6714723], [107.1178794, 10.6717622], [107.1181074, 10.6723455], [107.1193873, 10.6722796], [107.1197616, 10.6732836], [107.1200386, 10.6731995], [107.1203174, 10.673383], [107.1206469, 10.6731607], [107.121347, 10.673228], [107.1216412, 10.673919], [107.1213359, 10.6742301], [107.1228093, 10.6763756], [107.1228049, 10.6769567], [107.123048, 10.6774194], [107.1228728, 10.6778418], [107.1231365, 10.6787188], [107.1228831, 10.6790851], [107.1228903, 10.6794771], [107.1231407, 10.6796399], [107.1235771, 10.6794507], [107.1235337, 10.6798267], [107.1238282, 10.6799115], [107.1237807, 10.6801878], [107.1241515, 10.6805377], [107.1241267, 10.6809133], [107.1244264, 10.6807958], [107.12461, 10.6809258], [107.1244487, 10.6813555], [107.1248538, 10.6813188], [107.1252394, 10.6815733], [107.125273, 10.6818565], [107.1249731, 10.681853], [107.1250476, 10.682453], [107.1260038, 10.6822823], [107.1280485, 10.682764], [107.1296774, 10.6837445], [107.1310088, 10.6834157], [107.1317581, 10.6838975], [107.1325323, 10.6839929], [107.1331036, 10.6843777], [107.1332842, 10.6847473], [107.1338375, 10.6850708], [107.1339311, 10.6880202], [107.1337743, 10.6898637], [107.1341493, 10.69106], [107.1344634, 10.6931949], [107.1341946, 10.6948123], [107.1349049, 10.6961275], [107.1362651, 10.6994048], [107.1368685, 10.7004011], [107.1370288, 10.7033567], [107.1378022, 10.7056657], [107.137778, 10.7066253], [107.1372476, 10.707718], [107.1372758, 10.7081759], [107.137831, 10.7080995], [107.1379557, 10.7082774], [107.1384332, 10.7082616], [107.1392764, 10.7095716], [107.1397673, 10.7096234], [107.1395463, 10.7181893], [107.1405635, 10.7185589], [107.1407269, 10.7187908], [107.1406101, 10.719629], [107.1399157, 10.7199076], [107.1393357, 10.7204848], [107.139219, 10.7278796], [107.1396475, 10.7277847], [107.1405331, 10.7271664], [107.1410646, 10.727149], [107.1410778, 10.7261772], [107.1420273, 10.7251599], [107.1421266, 10.7242165], [107.1424162, 10.7241558], [107.1424533, 10.7238051], [107.1434154, 10.7237922], [107.1435723, 10.7240636], [107.1440844, 10.7241647], [107.1451012, 10.7247966], [107.1455301, 10.725353], [107.1455035, 10.7263392], [107.1452381, 10.7267789], [107.1444482, 10.7274084], [107.1443291, 10.7278519], [107.1438405, 10.7280983], [107.1434375, 10.7280884], [107.1434516, 10.7291274], [107.1449026, 10.7301051], [107.145423, 10.7298679], [107.1463028, 10.729839], [107.1462893, 10.7310696], [107.1441972, 10.7322173], [107.1441436, 10.732639], [107.1390292, 10.7325411], [107.1388362, 10.7373386], [107.1389044, 10.7397513], [107.1384305, 10.7450088], [107.1471274, 10.7445099], [107.1485118, 10.7446952], [107.1514975, 10.744099], [107.1521982, 10.7446082], [107.152507, 10.7442972], [107.1528313, 10.7445555], [107.153047, 10.7442781], [107.1537483, 10.7440532], [107.1540135, 10.7444394], [107.1543825, 10.7442287], [107.1551335, 10.7453297], [107.1553203, 10.7450035], [107.1555881, 10.7455346], [107.1559386, 10.74557], [107.1561277, 10.746227], [107.1568251, 10.7462578], [107.1570677, 10.7458388], [107.1573355, 10.7458217], [107.1571486, 10.7461692], [107.157205, 10.7468976], [107.1575407, 10.7467275], [107.1580057, 10.7475022], [107.1585477, 10.7478274], [107.1588153, 10.748279], [107.1591935, 10.7481789], [107.1596732, 10.7483199], [107.1603282, 10.7481647], [107.1608387, 10.7486961], [107.1606868, 10.7493023], [107.1613794, 10.7493673], [107.1617764, 10.7497402], [107.1623182, 10.749781], [107.1627913, 10.7495031], [107.1630212, 10.7498165], [107.1634569, 10.7495915], [107.1636603, 10.7496443], [107.1638699, 10.7505711], [107.1644616, 10.7508492], [107.1647402, 10.7520077], [107.1655583, 10.752482], [107.1658963, 10.7532172], [107.1663999, 10.7535856], [107.1665055, 10.7540992], [107.1668256, 10.754106], [107.166977, 10.7539504], [107.166784, 10.7528167], [107.1674334, 10.7533745], [107.1674565, 10.7529944], [107.1678081, 10.7532361], [107.1682915, 10.7528009], [107.1684353, 10.7533833], [107.1696271, 10.7538509], [107.1702307, 10.7546639], [107.1709578, 10.7551503], [107.1710897, 10.7556568], [107.1714077, 10.7558486], [107.1710211, 10.7565563], [107.1717082, 10.7578937], [107.1726758, 10.7583755], [107.1736957, 10.7592253], [107.1739211, 10.7596602], [107.1740396, 10.7605651], [107.1746082, 10.7604746], [107.1748433, 10.7610299], [107.1753189, 10.7610487], [107.1758226, 10.7615516], [107.1771616, 10.7617838], [107.1777254, 10.7616711], [107.1779558, 10.7618835], [107.1783462, 10.7616358], [107.1786533, 10.7621744], [107.1792143, 10.7622422], [107.1792921, 10.7626531], [107.1797408, 10.7630337], [107.1792947, 10.7633311], [107.1797719, 10.7640721], [107.1797767, 10.7646086], [107.1807475, 10.7646225], [107.1808674, 10.7651551], [107.1805868, 10.7660921], [107.1809526, 10.7672279], [107.1816969, 10.7675817], [107.1823145, 10.7676733], [107.1821829, 10.7680785], [107.182303, 10.7682553], [107.1834234, 10.7680233], [107.1838408, 10.7684935], [107.1851599, 10.7685927], [107.1857988, 10.7692328], [107.1863814, 10.7694141], [107.1873288, 10.7701834], [107.1873909, 10.7704266], [107.1872102, 10.770794], [107.1873174, 10.7710576], [107.189378, 10.7719793], [107.1902427, 10.7713225], [107.1906531, 10.7716572], [107.1914712, 10.7713515], [107.1912056, 10.772005], [107.1913148, 10.7722646], [107.1918131, 10.7715896], [107.1923295, 10.7718759], [107.1928378, 10.7714639], [107.1936103, 10.7719713], [107.1941059, 10.7714676], [107.1945415, 10.7717645], [107.1951458, 10.7715623], [107.1954966, 10.7718511], [107.1978924, 10.7717415], [107.1985827, 10.7720763], [107.1991145, 10.7720387], [107.2004861, 10.7730854], [107.201072, 10.7733418], [107.2016421, 10.7732856], [107.2016826, 10.7736729], [107.2019543, 10.7736148], [107.2021745, 10.7738086], [107.2025722, 10.7736893], [107.2028563, 10.7741543], [107.2033489, 10.7741554], [107.2037071, 10.7744881], [107.204806, 10.7744608], [107.2052319, 10.77485], [107.2057323, 10.7745697], [107.2062211, 10.774652], [107.2065948, 10.7744844], [107.2068791, 10.7738165], [107.2065405, 10.7580717], [107.2068228, 10.7582015], [107.2066828, 10.7585051], [107.2067665, 10.7587317], [107.2074766, 10.7588583], [107.2080958, 10.75952], [107.2157814, 10.7593365], [107.2170691, 10.757523], [107.2172992, 10.7575207], [107.2173843, 10.7572898], [107.2178652, 10.7575993], [107.2182778, 10.7573393], [107.2183733, 10.7577329], [107.2189576, 10.7577233], [107.2197245, 10.7571222], [107.2203819, 10.7572098], [107.2208031, 10.7569963], [107.221532, 10.7570025], [107.2217318, 10.7570987], [107.2219362, 10.7575423], [107.2228329, 10.7577456], [107.2236764, 10.7576126], [107.2247957, 10.7581911], [107.2250413, 10.758823], [107.2257924, 10.759629], [107.2260915, 10.7595925], [107.2265498, 10.7592155], [107.2273387, 10.7593052], [107.227737, 10.7605571], [107.2274932, 10.7609881], [107.2275952, 10.7617725], [107.2278908, 10.7618508], [107.2279305, 10.7620851], [107.2287351, 10.7620474], [107.2287257, 10.7628965], [107.229116, 10.7630434], [107.2295196, 10.7635111], [107.2303686, 10.7638418], [107.2307655, 10.7637589], [107.2315876, 10.7641014], [107.2319457, 10.7639419], [107.232107, 10.7634222], [107.2327848, 10.7629364], [107.2335019, 10.76211], [107.234209, 10.7620591], [107.2344047, 10.7617585], [107.2346266, 10.7618154], [107.2348896, 10.7613564], [107.2356137, 10.7611855], [107.2360702, 10.761286], [107.2364555, 10.7611447], [107.2367348, 10.7607352], [107.2370319, 10.7609874], [107.2374426, 10.7607501], [107.2377878, 10.761182], [107.2382332, 10.7612159], [107.2387565, 10.7616083], [107.239156, 10.7616238], [107.2398604, 10.7612779], [107.2403598, 10.7617839], [107.2415936, 10.7594914], [107.2419584, 10.7591949], [107.2442946, 10.7597404], [107.2444129, 10.7582582], [107.2440599, 10.7561422], [107.2571906, 10.7559768], [107.3004983, 10.7549603], [107.2995082, 10.7504464], [107.3042388, 10.7493004], [107.3039698, 10.7485727], [107.3033951, 10.7483775], [107.3025294, 10.7466633], [107.3017463, 10.7455872], [107.3024312, 10.7392522], [107.3024576, 10.7378627], [107.3025548, 10.737422], [107.3027453, 10.7372955], [107.3030685, 10.7350845], [107.3028663, 10.7324478], [107.3030245, 10.7321352], [107.3036806, 10.7316405], [107.3041159, 10.7307916], [107.3045531, 10.7306282], [107.3046337, 10.7303449], [107.3043082, 10.7298601], [107.3052051, 10.7291434], [107.3053853, 10.7285905], [107.3051646, 10.728209], [107.3043117, 10.7282841], [107.3033632, 10.7280346], [107.3030799, 10.7283438], [107.303127, 10.7278925], [107.3034242, 10.7275124], [107.3038396, 10.7275344], [107.3044023, 10.7279508], [107.3046909, 10.7277793], [107.3047036, 10.7275334], [107.3040736, 10.7268811], [107.303748, 10.7262945], [107.3038135, 10.7261224], [107.3042127, 10.7260116], [107.3038534, 10.7253348], [107.3037691, 10.7246442], [107.3032685, 10.7244623], [107.3028921, 10.7232538], [107.3022705, 10.7225456], [107.3020826, 10.721794], [107.3016, 10.7216918], [107.3013103, 10.7213386], [107.3012674, 10.7209117], [107.3009884, 10.720664], [107.3010582, 10.7196414], [107.3008811, 10.7196309], [107.3008704, 10.7188087], [107.3011708, 10.718893], [107.3021083, 10.7179983], [107.3012741, 10.7177637], [107.3041239, 10.7152087], [107.3045927, 10.7156732], [107.3053122, 10.7144075], [107.3054382, 10.7128578], [107.3045122, 10.7120089], [107.3012097, 10.7078807], [107.3006921, 10.705972], [107.3008181, 10.7047563], [107.3005043, 10.7045692], [107.3004409, 10.7040497], [107.2997157, 10.7039189], [107.3006988, 10.7025346], [107.3008275, 10.7017861], [107.3019454, 10.7017444], [107.3021083, 10.7012629], [107.3023581, 10.7011785], [107.3023433, 10.7007996], [107.3033021, 10.7004563], [107.3036385, 10.6998147], [107.303971, 10.6999412], [107.3044485, 10.6994457], [107.3056283, 10.6991515], [107.3058079, 10.6986863], [107.3057434, 10.6981559], [107.3060086, 10.6976346], [107.3064206, 10.6974372], [107.3071038, 10.6962566], [107.3073443, 10.696289], [107.3074501, 10.6961063], [107.3071389, 10.6958611], [107.3070549, 10.6954359], [107.306833, 10.6953341], [107.3068802, 10.6949626], [107.3066964, 10.6946012], [107.307762, 10.6940779], [107.3075511, 10.6937185], [107.3071488, 10.6934704], [107.3046332, 10.6925259], [107.3048767, 10.6916712], [107.3036519, 10.691133], [107.3047435, 10.6885157], [107.2994649, 10.6862622], [107.2995301, 10.6858537], [107.2999504, 10.685801], [107.3000471, 10.6854183], [107.2996259, 10.6850841], [107.30004, 10.6849474], [107.2998244, 10.6838848], [107.2999327, 10.6835579], [107.3007953, 10.683363], [107.3009262, 10.6831104], [107.3011204, 10.6834222], [107.3013485, 10.6834391], [107.3017073, 10.6826513], [107.3021137, 10.6826177], [107.3029683, 10.6820097], [107.302619, 10.6818055], [107.3026203, 10.6815949], [107.303271, 10.6810382], [107.3037645, 10.6808669], [107.30436, 10.6800393], [107.3046859, 10.6800138], [107.3048797, 10.6796652], [107.3057654, 10.6792143], [107.3063685, 10.6786105], [107.3068356, 10.6777567], [107.3070093, 10.6776472], [107.3073796, 10.6778243], [107.3080993, 10.677377], [107.3083109, 10.6774517], [107.3081902, 10.6767604], [107.3090833, 10.6768052], [107.3091991, 10.6762828], [107.3093569, 10.6761753], [107.3092598, 10.6758564], [107.309749, 10.6757426], [107.3099479, 10.6758904], [107.3101863, 10.6755782], [107.3101516, 10.675071], [107.3104028, 10.675044], [107.3102394, 10.6743539], [107.3105817, 10.6740045], [107.3104728, 10.673594], [107.3109797, 10.6734868], [107.3108657, 10.6731599], [107.3109811, 10.6728156], [107.3113622, 10.6726551], [107.3114705, 10.6729543], [107.3119332, 10.6729646], [107.3119267, 10.6723548], [107.3122502, 10.6721389], [107.3124857, 10.6722413], [107.3125662, 10.6719593], [107.3128841, 10.6719169], [107.3129931, 10.6716868], [107.3132153, 10.6716456], [107.313159, 10.6712964], [107.3134956, 10.6707692], [107.3138845, 10.6707007], [107.3141728, 10.6703172], [107.3144302, 10.6702868], [107.3145944, 10.6704743], [107.3152336, 10.6700971], [107.3158373, 10.6695912], [107.3160822, 10.6691223], [107.3170854, 10.6691491], [107.3172668, 10.6688451], [107.3176798, 10.6688635], [107.3179391, 10.6686076], [107.3180392, 10.6688873], [107.3183433, 10.668769], [107.3186496, 10.669189], [107.3190061, 10.6692211], [107.319257, 10.6694276], [107.3195332, 10.6693485], [107.319603, 10.6696174], [107.3199211, 10.6694976], [107.3203531, 10.6696029], [107.3205145, 10.6698244], [107.3215061, 10.6697811], [107.322739, 10.6705012], [107.3228881, 10.6708039], [107.3228028, 10.6715442], [107.3229289, 10.672153], [107.3236731, 10.6726214], [107.3238945, 10.6731257], [107.3243633, 10.6730907], [107.3246267, 10.6734973], [107.3251283, 10.6734446], [107.325986, 10.6741353], [107.3271689, 10.6745248], [107.3275525, 10.6749546], [107.3278305, 10.6760647], [107.3281649, 10.6763755], [107.3309904, 10.6762122], [107.3317577, 10.6773688], [107.3327974, 10.6775825], [107.3373416, 10.6776674], [107.3439759, 10.6764257], [107.3489593, 10.6772965], [107.352008, 10.6783643], [107.3506873, 10.690572], [107.3507517, 10.7085878], [107.3607048, 10.7246903], [107.3611829, 10.7267972], [107.3609531, 10.7276167], [107.3610895, 10.7282076], [107.3622617, 10.7290335], [107.3638093, 10.7298028], [107.363599, 10.7308893], [107.3639227, 10.7312826], [107.3643147, 10.7312591], [107.3655468, 10.7305592], [107.366194, 10.7306177], [107.3683099, 10.733236], [107.3688131, 10.7331508], [107.3697354, 10.7326662], [107.3706544, 10.7313725], [107.3712602, 10.7313518], [107.371649, 10.7316671], [107.371811, 10.7325161], [107.3709441, 10.7334696], [107.3709991, 10.7343506], [107.3716813, 10.7347308], [107.3730366, 10.7347426], [107.3736134, 10.7349595], [107.3742913, 10.7356604], [107.3748076, 10.736704], [107.3763765, 10.7376594], [107.3781203, 10.7405693], [107.3781794, 10.7419116], [107.378367, 10.7422574], [107.3788696, 10.7422032], [107.3794605, 10.7410544], [107.3799349, 10.7412602], [107.3801422, 10.7419143], [107.3801753, 10.7427919], [107.3795181, 10.7442208], [107.3804794, 10.7464037], [107.3804596, 10.7475886], [107.3812307, 10.7480379], [107.3823506, 10.747972], [107.3828957, 10.747645], [107.3831723, 10.7477602], [107.3832099, 10.7479716], [107.3828198, 10.7488078], [107.3830479, 10.7497626], [107.3828979, 10.7507398], [107.383036, 10.7511457], [107.3850398, 10.7520028], [107.3858847, 10.7534223], [107.3867413, 10.7538365], [107.3875648, 10.7545875], [107.3886339, 10.7548835], [107.3888475, 10.7560992], [107.3893235, 10.7566378], [107.3899399, 10.7566532], [107.3910649, 10.7554254], [107.3916722, 10.7555536], [107.3927878, 10.7569799], [107.3931598, 10.7585498], [107.392877, 10.7592132], [107.3925093, 10.7595898], [107.3924968, 10.7599106], [107.3939794, 10.76156], [107.3939363, 10.7627277], [107.3946146, 10.7631445], [107.3974188, 10.7631267], [107.3976739, 10.7637204], [107.3988295, 10.7651963], [107.3988615, 10.7657876], [107.3998976, 10.7660974], [107.3998905, 10.7669087], [107.4005877, 10.7675444], [107.3999727, 10.7680394], [107.4006861, 10.7683924], [107.4008098, 10.769081], [107.4016798, 10.768949], [107.4024089, 10.7690302], [107.4027346, 10.7697995], [107.4032745, 10.7694122], [107.4039423, 10.7697995], [107.4045194, 10.7696048], [107.4046106, 10.7697793], [107.4040767, 10.770265], [107.4041204, 10.7705397], [107.4051251, 10.770829], [107.4055152, 10.7703274], [107.4057216, 10.770346], [107.405809, 10.7713218], [107.4062013, 10.7711476], [107.4067726, 10.7714697], [107.4074855, 10.7721841], [107.4075101, 10.7729273], [107.4079069, 10.7729663], [107.4078402, 10.7735854], [107.4086757, 10.7736472], [107.4086372, 10.7738522], [107.4081427, 10.7740418], [107.4081214, 10.774196], [107.4084973, 10.7742382], [107.4092967, 10.7739665], [107.4096179, 10.7746847], [107.4098503, 10.774672], [107.4101382, 10.7743028], [107.4103014, 10.774303], [107.4102831, 10.7747796], [107.4104932, 10.7749586], [107.4106434, 10.7748518], [107.4106304, 10.7743747], [107.4110931, 10.7742947], [107.4113825, 10.7743982], [107.4117212, 10.77488], [107.4119981, 10.7749322], [107.4117181, 10.7741445], [107.4119655, 10.7740177], [107.4121137, 10.7744186], [107.4123045, 10.7744483], [107.4125461, 10.7741324], [107.4123963, 10.7736037], [107.4129492, 10.7737414], [107.412791, 10.773217], [107.4128526, 10.7725636], [107.4129841, 10.7725926], [107.4130663, 10.7732417], [107.413252, 10.7731738], [107.4136639, 10.7724143], [107.4138983, 10.7726243], [107.413532, 10.773161], [107.4136305, 10.7733646], [107.4138385, 10.7733595], [107.4139671, 10.7730181], [107.4144151, 10.7730163], [107.4144517, 10.7728354], [107.4140996, 10.7722857], [107.4142242, 10.7721353], [107.4145731, 10.7722958], [107.4147564, 10.7721796], [107.4144756, 10.7713256], [107.414547, 10.7711781], [107.4148936, 10.7713331], [107.4152011, 10.7718399], [107.4152425, 10.7728085], [107.4148549, 10.773182], [107.4153342, 10.7734989], [107.4154632, 10.7733955], [107.4154967, 10.772747], [107.4159104, 10.7728534], [107.4160498, 10.7723857], [107.4165579, 10.7726178], [107.4169066, 10.7721802], [107.4183536, 10.7723791], [107.4188552, 10.7715892], [107.4188202, 10.7711615], [107.4190497, 10.7711264], [107.4195635, 10.7719075], [107.4199701, 10.7720062], [107.4201139, 10.7722042], [107.4200955, 10.7734039], [107.4191508, 10.7740278], [107.4194476, 10.7744155], [107.4194198, 10.7751451], [107.4198954, 10.7755107], [107.420324, 10.7761279], [107.4209139, 10.7760539], [107.4209049, 10.7764966], [107.4215279, 10.7767998], [107.4214181, 10.777269], [107.4206266, 10.7775827], [107.4205559, 10.7777465], [107.4212855, 10.7776938], [107.4215011, 10.7783542], [107.4216777, 10.7782916], [107.4217817, 10.7778703], [107.4223462, 10.7781978], [107.4224045, 10.7793094], [107.4228439, 10.7795276], [107.4228323, 10.7801271], [107.4230152, 10.7802097], [107.4234648, 10.7800368], [107.4233848, 10.7811603], [107.4241079, 10.7812531], [107.4235721, 10.7817991], [107.423594, 10.7821782], [107.4241579, 10.7827353], [107.4251801, 10.783335], [107.4251059, 10.7837175], [107.4255204, 10.7839231], [107.4255092, 10.7840801], [107.4251346, 10.7841822], [107.4250967, 10.784353], [107.4261586, 10.7844461], [107.4254274, 10.7854705], [107.4255689, 10.7857075], [107.4259852, 10.7857252], [107.426092, 10.7862781], [107.4258829, 10.7865817], [107.4259402, 10.7867883], [107.4265909, 10.7866312], [107.4267529, 10.7867286], [107.4267252, 10.786895], [107.426321, 10.7871227], [107.4261892, 10.7876346], [107.4263783, 10.7877165], [107.4268035, 10.7873799], [107.4278864, 10.787448], [107.4283463, 10.7872538], [107.4284041, 10.7873795], [107.4281587, 10.7877036], [107.4286639, 10.7876335], [107.4287555, 10.7879802], [107.4291015, 10.7881357], [107.4292799, 10.788662], [107.4297161, 10.7889633], [107.4300879, 10.788815], [107.4304566, 10.7881737], [107.4306604, 10.7881381], [107.4307809, 10.7894062], [107.4312901, 10.7899985], [107.4318159, 10.7901223], [107.4319411, 10.790568], [107.4325441, 10.7902137], [107.4327369, 10.7902496], [107.432768, 10.7913404], [107.4332595, 10.7917147], [107.4336934, 10.7914081], [107.4337252, 10.7918097], [107.4341242, 10.7918339], [107.4339498, 10.7926279], [107.4343673, 10.7931287], [107.4345346, 10.7931613], [107.4351651, 10.7926666], [107.4357315, 10.792877], [107.4357758, 10.7934446], [107.4351847, 10.7935633], [107.4349487, 10.7939902], [107.4358172, 10.794708], [107.4362963, 10.7948587], [107.436073, 10.7960118], [107.4363407, 10.7963351], [107.4369158, 10.7965141], [107.4367255, 10.7968563], [107.4372089, 10.7970275], [107.4374807, 10.7973916], [107.4374109, 10.7978395], [107.4375725, 10.7982806], [107.4371641, 10.7986995], [107.4380869, 10.7991937], [107.4382163, 10.8001181], [107.4384229, 10.8001552], [107.4387863, 10.7998086], [107.4391033, 10.7997797], [107.4409837, 10.801103], [107.4413913, 10.8011013], [107.4416469, 10.8016062], [107.4422872, 10.801341], [107.442318, 10.8019119], [107.4428185, 10.8020135], [107.4432764, 10.8026727], [107.4436543, 10.8028712], [107.4437156, 10.8031025], [107.4435413, 10.803509], [107.4442131, 10.8037128], [107.4444303, 10.8043867], [107.4450526, 10.8045527], [107.4455595, 10.80494], [107.4456346, 10.8047055], [107.4453916, 10.8042569], [107.4456452, 10.8039124], [107.445915, 10.8043757], [107.4463923, 10.8041707], [107.4468175, 10.8043551], [107.4472842, 10.804089], [107.4478909, 10.8042664], [107.4484, 10.8038044], [107.4486377, 10.8041495], [107.4484629, 10.8044513], [107.4485891, 10.804561], [107.4487916, 10.8042392], [107.4491791, 10.8043895], [107.449466, 10.8040223], [107.4497692, 10.8043379], [107.4502478, 10.8037743], [107.4507134, 10.8035332], [107.4511841, 10.8038282], [107.4517822, 10.8035357], [107.4522355, 10.803815], [107.4531501, 10.802877], [107.4538605, 10.802874], [107.454218, 10.8023252], [107.4543181, 10.8015816], [107.4549955, 10.8005954], [107.45554, 10.7992227], [107.4562027, 10.7988617], [107.4564962, 10.7979673], [107.4573062, 10.7970096], [107.4577219, 10.7962055], [107.4577201, 10.7952558], [107.4581346, 10.7938028], [107.4579138, 10.793284], [107.4579138, 10.7921853], [107.4574073, 10.791596], [107.4574949, 10.7913673], [107.465439, 10.7919892], [107.4701426, 10.7934028], [107.4706677, 10.7936792], [107.4714304, 10.7938064], [107.4717835, 10.7936118], [107.472623, 10.7922618], [107.4737227, 10.791358], [107.4742162, 10.789735], [107.4747205, 10.7889024], [107.475037, 10.7876535], [107.4745069, 10.7870731], [107.4744603, 10.7867932], [107.4751944, 10.7860884], [107.4755955, 10.7840142], [107.4762748, 10.7836503], [107.4768287, 10.782895], [107.4767858, 10.7820202], [107.4765335, 10.781312], [107.4770542, 10.7810643], [107.4775261, 10.7804551], [107.4776172, 10.7791241], [107.478025, 10.7785053], [107.4787974, 10.7779625], [107.4798515, 10.7762604], [107.4805704, 10.7756543], [107.483561, 10.7701895], [107.4849772, 10.7685505], [107.4906528, 10.7689669], [107.4936517, 10.7679441], [107.4950945, 10.7682133], [107.4957409, 10.7676309], [107.4982656, 10.7682721], [107.4997133, 10.7694991], [107.5006199, 10.7698048], [107.5011241, 10.7705637], [107.502256, 10.7711592], [107.5052501, 10.7715976], [107.5019449, 10.761104], [107.5045037, 10.7591488], [107.505067, 10.7583636], [107.5058985, 10.7578102], [107.506825, 10.7577655], [107.5078841, 10.7565803], [107.5078349, 10.75617], [107.5070423, 10.7553216], [107.5068694, 10.7542844], [107.5068605, 10.7523378], [107.5062088, 10.7515873], [107.5066657, 10.7505773], [107.5065198, 10.750077], [107.5059682, 10.7494675], [107.505955, 10.7485074], [107.505729, 10.7477314], [107.5061197, 10.7458978], [107.5064643, 10.7456055], [107.5090688, 10.744761], [107.5118567, 10.7432547], [107.5122955, 10.7418044], [107.5122718, 10.7405679], [107.5123986, 10.7402775], [107.5136782, 10.7393991], [107.5143071, 10.7392176], [107.514793, 10.7388296], [107.5154471, 10.7386737], [107.5154518, 10.738249], [107.5158253, 10.7378383], [107.5155848, 10.7370595], [107.515786, 10.73631], [107.5157748, 10.7353956], [107.5159409, 10.7351516], [107.5168458, 10.734815], [107.5170441, 10.7354362], [107.5177279, 10.7352144], [107.5182539, 10.7354508], [107.5186121, 10.7352637], [107.5196555, 10.7354199], [107.5200207, 10.7352055], [107.520139, 10.7348402], [107.5205862, 10.7348052], [107.5209591, 10.7345731], [107.5208305, 10.7342683], [107.5214705, 10.7342197], [107.5217354, 10.7337356], [107.5224055, 10.7336909], [107.5224634, 10.7330451], [107.5221153, 10.7327351], [107.5221017, 10.7324763], [107.5227068, 10.732156], [107.5229573, 10.7317245], [107.523125, 10.7318047], [107.5232406, 10.7322899], [107.5234306, 10.7323236], [107.5239739, 10.7316244], [107.5239768, 10.7310823], [107.5243118, 10.7311026], [107.5243382, 10.731539], [107.5245121, 10.7316768], [107.5254488, 10.7318302], [107.5261199, 10.7315062], [107.5263101, 10.7308786], [107.5261009, 10.7298614], [107.5264281, 10.7293765], [107.5259254, 10.7290654], [107.5264032, 10.7288953], [107.5262075, 10.7285594], [107.5262446, 10.7283027], [107.5269, 10.7280704], [107.5269967, 10.7275054], [107.5274567, 10.7272522], [107.5271133, 10.7268098], [107.5278519, 10.7259527], [107.5278926, 10.7249491], [107.528158, 10.7241418], [107.5290459, 10.723974], [107.5294306, 10.7233402], [107.5299793, 10.7230622], [107.5311912, 10.7228677], [107.5313365, 10.7224323], [107.5321788, 10.7214309], [107.532651, 10.7214658], [107.5323762, 10.7219451], [107.5327076, 10.7222719], [107.5337829, 10.7218036], [107.5341564, 10.7218772], [107.534976, 10.7214303], [107.535676, 10.7202064], [107.5356229, 10.7182613], [107.5362516, 10.7175717], [107.5364006, 10.7163472], [107.5366522, 10.7161809], [107.537148, 10.7163675], [107.5375378, 10.7162892], [107.53817, 10.7158538], [107.5381105, 10.7156478], [107.5376909, 10.7154247], [107.5376873, 10.7151177], [107.5380846, 10.7149708], [107.538763, 10.7150829], [107.5385347, 10.7146486], [107.5387663, 10.7140833], [107.5394261, 10.7136537], [107.5398311, 10.7128526], [107.5396375, 10.7123174], [107.5398107, 10.711712], [107.5393747, 10.7112371], [107.5394037, 10.7109649], [107.5401221, 10.7109961], [107.5402855, 10.7112159], [107.5407072, 10.7110861], [107.5406203, 10.710108], [107.5404485, 10.7100487], [107.5402956, 10.7103157], [107.5401253, 10.7103129], [107.5400872, 10.7097563], [107.5405241, 10.7093854], [107.5411518, 10.7094375], [107.541608, 10.709127], [107.5418276, 10.7093701], [107.5420632, 10.7093499], [107.5425656, 10.7084268], [107.5425889, 10.708025], [107.5429966, 10.7080809], [107.5432418, 10.7076665], [107.5429783, 10.7073154], [107.5433877, 10.7072258], [107.5435219, 10.7065763], [107.5443548, 10.7059903], [107.5443313, 10.7057975], [107.5439313, 10.7055811], [107.5438538, 10.7052712], [107.5439206, 10.704831], [107.5442085, 10.7043872], [107.5435358, 10.7046273], [107.5433416, 10.7045549], [107.543272, 10.7043044], [107.5443131, 10.703739], [107.5441897, 10.7030643], [107.5436824, 10.7024295], [107.5443079, 10.7019143], [107.5448125, 10.7012249], [107.5440482, 10.7009447], [107.5438829, 10.7003423], [107.5434494, 10.7001599], [107.5431794, 10.6995844], [107.5433507, 10.69943], [107.5440924, 10.699545], [107.5440405, 10.6989845], [107.5436106, 10.6986585], [107.5435215, 10.6983248], [107.544136, 10.6982439], [107.5443265, 10.697722], [107.5448101, 10.6979771], [107.5449901, 10.6979026], [107.544777, 10.6972529], [107.5451821, 10.6969445], [107.5454633, 10.6964492], [107.5453717, 10.6963426], [107.5449418, 10.6964343], [107.5449891, 10.6959962], [107.545909, 10.6957348], [107.5463435, 10.6958613], [107.5463173, 10.6954846], [107.5466673, 10.6952546], [107.5465749, 10.6945886], [107.5456043, 10.6937946], [107.545774, 10.6933542], [107.5460042, 10.6933482], [107.5459117, 10.693165], [107.5449346, 10.6931622], [107.5451501, 10.6927315], [107.5451558, 10.6922263], [107.5450051, 10.6920475], [107.5442534, 10.6918453], [107.5444776, 10.6912437], [107.5436641, 10.6909942], [107.5433605, 10.6903589], [107.5429378, 10.6902903], [107.5432008, 10.6893389], [107.543778, 10.6892603], [107.5438187, 10.6891424], [107.5435081, 10.6886232], [107.5432707, 10.6884997], [107.5434504, 10.6879975], [107.5428741, 10.6881134], [107.5420873, 10.6878198], [107.5420788, 10.6875671], [107.5425942, 10.6874994], [107.5426618, 10.687362], [107.5421561, 10.6870738], [107.5416835, 10.6871397], [107.542002, 10.6867814], [107.5417844, 10.6862363], [107.5422838, 10.6859754], [107.5426362, 10.6854051], [107.5420701, 10.6851479], [107.5418669, 10.6844831], [107.5420717, 10.6841485], [107.5420466, 10.6838137], [107.5413396, 10.6837074], [107.5405697, 10.6830788], [107.5403951, 10.6824402], [107.5408235, 10.6821004], [107.5407565, 10.6815644], [107.5400592, 10.6813337], [107.5398106, 10.6809149], [107.5404292, 10.6799181], [107.5392464, 10.679296], [107.5388922, 10.6788172], [107.5385501, 10.6795569], [107.5383344, 10.6796677], [107.5381547, 10.6785896], [107.5385418, 10.6781456], [107.5386943, 10.6776617], [107.539524, 10.6771877], [107.5389567, 10.6767551], [107.5388736, 10.6762438], [107.5397747, 10.6756206], [107.5397778, 10.6753127], [107.5394797, 10.6748495], [107.5395237, 10.6745678], [107.5405498, 10.675156], [107.5411362, 10.6746784], [107.5408816, 10.6741663], [107.5409871, 10.6738241], [107.5417259, 10.6734107], [107.5427631, 10.6734692], [107.5428854, 10.6736578], [107.5427862, 10.6740581], [107.5430022, 10.674109], [107.5431674, 10.6731648], [107.543613, 10.6730624], [107.5437769, 10.6724859], [107.5443987, 10.6722438], [107.5447852, 10.6716063], [107.544836, 10.6713209], [107.5446758, 10.6711874], [107.5439451, 10.6716758], [107.5435456, 10.6713645], [107.544193, 10.6703436], [107.5447248, 10.6702627], [107.5449058, 10.6700286], [107.5447843, 10.6697703], [107.5442541, 10.6697228], [107.5440448, 10.6694698], [107.5439099, 10.6684065], [107.5444211, 10.6677723], [107.5441377, 10.6673883], [107.5441173, 10.6670237], [107.545084, 10.6662426], [107.5450156, 10.6655232], [107.5452088, 10.6647809], [107.5462174, 10.6648412], [107.5464165, 10.6647218], [107.5463179, 10.664234], [107.5458731, 10.6644608], [107.5453109, 10.6642165], [107.5454164, 10.6634565], [107.5456783, 10.6632755], [107.5457439, 10.6629492], [107.5466144, 10.6630528], [107.5463196, 10.6635412], [107.5467627, 10.6637453], [107.5472363, 10.663435], [107.5470017, 10.6630776], [107.5472892, 10.6625807], [107.5475239, 10.6626098], [107.5475875, 10.663081], [107.547776, 10.6631714], [107.5481589, 10.6624642], [107.5486157, 10.6625502], [107.5488742, 10.6623749], [107.548846, 10.6613355], [107.5479616, 10.6602972], [107.5478778, 10.6599764], [107.5483149, 10.6593849], [107.54861, 10.6594271], [107.5485279, 10.6597911], [107.5486656, 10.6599158], [107.5492389, 10.6595523], [107.548937, 10.6591134], [107.5490776, 10.6587164], [107.5488107, 10.6583376], [107.5490525, 10.6580485], [107.5496075, 10.6582842], [107.549736, 10.6578725], [107.5491463, 10.6575071], [107.5490126, 10.6572214], [107.5494418, 10.6568178], [107.5499173, 10.6568031], [107.5498223, 10.6561625], [107.5502551, 10.6556088], [107.550053, 10.6550514], [107.5501065, 10.6547642], [107.5507216, 10.6543447], [107.5508077, 10.6539588], [107.5513122, 10.6536736], [107.5512625, 10.6532084], [107.5508, 10.6528646], [107.5505808, 10.6513925], [107.5511927, 10.6507232], [107.5512252, 10.6500457], [107.5520291, 10.6496918], [107.5522512, 10.6489804], [107.5525181, 10.6488147], [107.5533007, 10.648833], [107.553458, 10.6485709], [107.553328, 10.6482505], [107.553564, 10.6480397], [107.5535647, 10.6477148], [107.5542428, 10.6477256], [107.5543713, 10.6471537], [107.5538794, 10.6466865], [107.555469, 10.646327], [107.5555492, 10.6460533], [107.5552672, 10.6454932], [107.5552994, 10.6450715], [107.5555129, 10.6449959], [107.5560718, 10.6452567], [107.5562555, 10.6451618], [107.5561102, 10.6446843], [107.5562269, 10.6442499], [107.5556289, 10.6443298], [107.5553236, 10.6440722], [107.5555462, 10.643279], [107.5555716, 10.6417731], [107.5558803, 10.6415384], [107.5566918, 10.6415872], [107.5566539, 10.6411358], [107.5570725, 10.641015], [107.5568539, 10.6402069], [107.5569637, 10.6391803], [107.557333, 10.6390679], [107.5573632, 10.6386555], [107.5580067, 10.6385787], [107.5580517, 10.637819], [107.5581955, 10.6377686], [107.5584426, 10.638096], [107.5587262, 10.6381706], [107.5595856, 10.637527], [107.5602603, 10.6360554], [107.5603315, 10.6353507], [107.5610229, 10.6348996], [107.5609957, 10.6344527], [107.5614282, 10.6342483], [107.5615741, 10.6337678], [107.5612411, 10.6334845], [107.5612541, 10.6333317], [107.5616094, 10.6333362], [107.5621855, 10.6336285], [107.5625929, 10.6334523], [107.5627586, 10.632666], [107.5622259, 10.6324561], [107.5621641, 10.6320065], [107.5626566, 10.6314538], [107.5627184, 10.6309947], [107.5631285, 10.6301895], [107.5628535, 10.6295031], [107.5628593, 10.6288301], [107.5623022, 10.6281962], [107.5622738, 10.6278022], [107.5628634, 10.6274133], [107.563116, 10.6268847], [107.5638589, 10.6269911], [107.5639014, 10.6264982], [107.5634061, 10.6261413], [107.5633714, 10.6256982], [107.5644448, 10.6251252], [107.5645745, 10.6244674], [107.5649167, 10.6240246], [107.5652075, 10.6230793], [107.5662546, 10.6231517], [107.566482, 10.6230321], [107.5663682, 10.6215379], [107.5670035, 10.6213907], [107.5672993, 10.6207618], [107.5675196, 10.6194072], [107.5682039, 10.6191643], [107.5683188, 10.618984], [107.5680821, 10.6184081], [107.5681151, 10.6173262], [107.5675155, 10.6166087], [107.5676014, 10.6156056], [107.5673747, 10.6159787], [107.567089, 10.6160897], [107.5667077, 10.6158463], [107.5660738, 10.6159233], [107.563464, 10.6151667], [107.5650985, 10.6137358], [107.5650906, 10.6128865], [107.5647233, 10.6121652], [107.5648621, 10.6113084], [107.5646347, 10.6107615], [107.5643949, 10.6090355], [107.5645253, 10.6078531], [107.56553, 10.6064694], [107.5660542, 10.6052468], [107.5678006, 10.6041459], [107.5680687, 10.603601], [107.5680325, 10.6029122], [107.5688808, 10.6028878], [107.5694868, 10.6024411], [107.5701716, 10.60223], [107.5719469, 10.600185], [107.5703023, 10.5927177], [107.5678468, 10.585433], [107.5683292, 10.5850056], [107.5681088, 10.5845124], [107.5683325, 10.583524], [107.5682981, 10.582224], [107.5686461, 10.5815203], [107.5691983, 10.581417], [107.5693148, 10.5802871], [107.5695919, 10.5796661], [107.5688124, 10.5781243], [107.5704034, 10.5674135], [107.7731742, 10.31234], [108.4311207, 9.3780225], [106.7998305, 8.4860938], [106.7539877, 8.4648655], [106.699124, 8.4430979], [106.6531936, 8.4310306], [106.0553036, 8.3456879], [105.9769387, 8.702505], [106.4538443, 9.0800586], [106.8722725, 9.4272857], [106.9933717, 10.1399458], [106.8509964, 10.3271059], [106.809233, 10.3882046], [106.7925066, 10.4184025], [106.7714627, 10.4409249], [106.7611567, 10.4537878], [106.7583561, 10.4576386], [106.7562254, 10.4609118], [106.7536353, 10.4673029], [106.7512321, 10.475321], [106.7452324, 10.4978311], [106.7455304, 10.5033889], [106.7468118, 10.5153662], [106.747241, 10.5280244], [106.7434274, 10.553281], [106.7423493, 10.558386], [106.7418966, 10.5639214], [106.7421276, 10.5669712], [106.7425864, 10.569343], [106.7445393, 10.5742958], [106.7456478, 10.5763631], [106.7431094, 10.5782964], [106.7419636, 10.5789013], [106.7412316, 10.5790717], [106.7401355, 10.5790542], [106.7380474, 10.5784538], [106.7367652, 10.5770841], [106.7360268, 10.5771353], [106.7355638, 10.5774085], [106.7350676, 10.5781525], [106.7350589, 10.5787291], [106.7355738, 10.579197], [106.7366368, 10.5796971], [106.7375832, 10.5806333], [106.7386703, 10.5811803], [106.7393666, 10.5821414], [106.7395014, 10.5827996], [106.7394004, 10.5839063], [106.7388237, 10.5851568], [106.737921, 10.5859565], [106.736842, 10.5863966], [106.7359705, 10.5864771], [106.7352949, 10.586141], [106.7347516, 10.5852228], [106.7348683, 10.5844208], [106.7346503, 10.5835005], [106.7349079, 10.5827555], [106.734799, 10.5823035], [106.7343052, 10.581797], [106.7334431, 10.5812682], [106.7327542, 10.5802693], [106.7309708, 10.5797061], [106.7300196, 10.5797113], [106.7287025, 10.5800465], [106.7267166, 10.5840995], [106.726656, 10.5846473], [106.7270593, 10.5852644], [106.7270246, 10.5855519], [106.7258143, 10.5852264], [106.725134, 10.5854276], [106.7246368, 10.5858881], [106.7241082, 10.5872194], [106.7232422, 10.5883371], [106.7232472, 10.5892256], [106.7236587, 10.5906319], [106.7235586, 10.5931111], [106.72337, 10.5934888], [106.7228727, 10.5940564], [106.7206412, 10.5956223], [106.7202879, 10.5963776], [106.7203649, 10.5973659], [106.7208222, 10.5981637], [106.7214215, 10.5987961], [106.7218323, 10.5998061], [106.7217392, 10.6002068], [106.7203887, 10.6016266], [106.7195144, 10.6029732], [106.7191153, 10.6040818], [106.7189372, 10.6059224], [106.7191143, 10.6062586], [106.7195972, 10.6065134], [106.7214946, 10.6066895], [106.722, 10.606911], [106.7223305, 10.607567], [106.7223657, 10.6084176], [106.7229147, 10.610433], [106.7236747, 10.6117188], [106.7239525, 10.6119298], [106.7252843, 10.6112996], [106.7264952, 10.6113314], [106.7272896, 10.6099844], [106.7283681, 10.6090137], [106.728702, 10.6090824], [106.7290111, 10.6093886], [106.730079, 10.6089657], [106.7312547, 10.6088699], [106.7327945, 10.6099603], [106.7316087, 10.6121361], [106.7305913, 10.6124538], [106.7294059, 10.6118764], [106.7291316, 10.6120491], [106.7285665, 10.6130286], [106.7276029, 10.6156711], [106.7275447, 10.6161848], [106.7275976, 10.6165368], [106.7278847, 10.6168472], [106.7287575, 10.6162083], [106.7292082, 10.6165984], [106.7299495, 10.617933], [106.7298501, 10.6202085], [106.731533, 10.6222426], [106.7317806, 10.6227848], [106.7317523, 10.6231975], [106.731399, 10.6237009], [106.7289965, 10.6239653], [106.7283726, 10.6244284], [106.7283315, 10.6250651], [106.7290657, 10.6282855], [106.7292776, 10.6285698], [106.729767, 10.6287315], [106.7303291, 10.628543], [106.7314375, 10.6277556], [106.7319335, 10.627753], [106.7329163, 10.6284625], [106.7332404, 10.6288844], [106.7325265, 10.6306628], [106.7312185, 10.6329492], [106.7311404, 10.6332916], [106.7312834, 10.6333113], [106.7310667, 10.6334264], [106.731205, 10.6340997], [106.7307295, 10.6353735], [106.7297702, 10.6364382], [106.7261317, 10.6379676], [106.725705, 10.6383672], [106.7250958, 10.6396261], [106.7237035, 10.6412777], [106.722928, 10.6451945], [106.7224269, 10.6456266], [106.7216401, 10.6458753], [106.7209262, 10.6459207], [106.719953, 10.6455759], [106.719363, 10.6455527], [106.7186937, 10.6457417], [106.7174114, 10.6466227], [106.7167611, 10.6473626], [106.7157463, 10.6481574], [106.7135337, 10.6496206], [106.7117476, 10.6504673], [106.7111849, 10.6505498], [106.7087409, 10.6499011], [106.7080169, 10.6499051], [106.7068657, 10.6501768], [106.7053726, 10.6509958], [106.7039785, 10.6528129], [106.703208, 10.6531888], [106.7009535, 10.6538464], [106.7004454, 10.6538521], [106.6995354, 10.653447], [106.6976775, 10.6520799], [106.6967465, 10.6504042], [106.6962707, 10.6498628], [106.6921727, 10.6485094], [106.6912555, 10.6486175], [106.6907139, 10.649213], [106.6901917, 10.6514053], [106.6884597, 10.6534274], [106.6872126, 10.6558707], [106.6857032, 10.6566582], [106.6860523, 10.6527741], [106.6856124, 10.6513689], [106.6847885, 10.650217], [106.6813113, 10.6477541], [106.6787428, 10.6455231], [106.6776349, 10.6451067], [106.6750596, 10.6446818], [106.6741834, 10.6442992], [106.6737199, 10.6438367], [106.6734451, 10.6432685], [106.6734454, 10.6419688], [106.6726026, 10.6418798], [106.6718103, 10.6415075], [106.6697641, 10.6393346], [106.6689302, 10.6391014], [106.6681229, 10.639284], [106.6666233, 10.6406516], [106.6663116, 10.6400667], [106.666545, 10.6391372], [106.6664596, 10.6387884], [106.6660405, 10.6384323], [106.6658399, 10.638537], [106.665802, 10.6394142], [106.6656054, 10.6396021], [106.6649995, 10.6388865], [106.6646986, 10.6390956], [106.6645687, 10.6395301], [106.6640346, 10.6395496], [106.6633378, 10.6400752], [106.6630835, 10.6399635], [106.6629068, 10.6393695], [106.6626216, 10.6392726], [106.6618417, 10.6399034], [106.6608582, 10.6400786], [106.6601906, 10.6398143], [106.6598983, 10.6402222], [106.6600236, 10.6409817], [106.6604625, 10.6413805], [106.6607203, 10.6419874], [106.6581125, 10.6431966], [106.6569372, 10.6433228], [106.6567458, 10.6432106], [106.6562901, 10.6420446], [106.6568471, 10.640246], [106.6565033, 10.638811], [106.6561804, 10.6384725], [106.6559778, 10.6388903], [106.6539451, 10.6394395], [106.6534501, 10.6388877], [106.6533046, 10.6381504], [106.6529438, 10.6378948], [106.6529674, 10.6370875], [106.6532849, 10.6365519], [106.6531138, 10.634353], [106.653191, 10.6338911], [106.653455, 10.6338531], [106.6534867, 10.6333058], [106.6533429, 10.6328524], [106.6528386, 10.6322999], [106.6520015, 10.6323547], [106.6513717, 10.6326934], [106.6497189, 10.6326597], [106.6491307, 10.6328708], [106.6484757, 10.6327058], [106.6483169, 10.6330445], [106.6468358, 10.6341508], [106.6461988, 10.6342395], [106.6437827, 10.6296189], [106.6415701, 10.6273885], [106.6410251, 10.6266209], [106.6392895, 10.6271444], [106.6391347, 10.6269983], [106.6388936, 10.6274694], [106.6378878, 10.6265681], [106.6373021, 10.6262847], [106.6366163, 10.6261818], [106.6358976, 10.6262954], [106.6353235, 10.6261223], [106.6349407, 10.6253147], [106.6328824, 10.6279942], [106.6316328, 10.628275], [106.6307996, 10.6275256], [106.6301368, 10.6264266], [106.6295621, 10.6275909], [106.6296789, 10.6289406], [106.6306027, 10.629835], [106.630766, 10.6302011], [106.6301434, 10.6308131], [106.6299903, 10.63142], [106.6296305, 10.6316508], [106.6298566, 10.633242], [106.6297903, 10.6342603], [106.6293401, 10.6351394], [106.6295121, 10.6363135], [106.6311629, 10.636743], [106.6303581, 10.6384944], [106.6305332, 10.6390601], [106.6301572, 10.6393405], [106.6296754, 10.6393398], [106.629897, 10.6403018], [106.6295293, 10.6403921], [106.6297295, 10.6411321], [106.629483, 10.64203], [106.6284295, 10.6419749], [106.6281483, 10.6418075], [106.6271793, 10.6423959], [106.6263003, 10.640937], [106.625805, 10.6397168], [106.625249, 10.6396544], [106.6244881, 10.6398568], [106.6241101, 10.6394356], [106.6227943, 10.6404098], [106.6212058, 10.6409296], [106.6213834, 10.6415169], [106.6216929, 10.6414104], [106.6217452, 10.6415248], [106.6221889, 10.641505], [106.6225062, 10.6425918], [106.6221253, 10.6426575], [106.6220632, 10.6431575], [106.6215383, 10.6432687], [106.6217719, 10.6441002], [106.6233554, 10.6440829], [106.6234376, 10.6444323], [106.6243293, 10.6444613], [106.6243823, 10.6453693], [106.6238926, 10.6460911], [106.6239614, 10.6464561], [106.624712, 10.6470826], [106.6245614, 10.6474547], [106.6240334, 10.647406], [106.6240585, 10.6476632], [106.6226675, 10.6480087], [106.6223239, 10.6481443], [106.6223469, 10.6483823], [106.6211348, 10.6487236], [106.6189639, 10.6490133], [106.618984, 10.6496845], [106.6180516, 10.6498385], [106.6180154, 10.6501043], [106.6173422, 10.6501711], [106.6172732, 10.6509276], [106.6177575, 10.6512745], [106.6177159, 10.6519567], [106.6172338, 10.6519251], [106.6167909, 10.6521968], [106.6167353, 10.6533377], [106.6163857, 10.6531765], [106.6160647, 10.6532955], [106.6158426, 10.6537853], [106.6155775, 10.6536691], [106.6154639, 10.6538729], [106.6156273, 10.6541118], [106.6145946, 10.6537296], [106.6141904, 10.6538525], [106.6137798, 10.6545106], [106.613445, 10.6543595], [106.6133039, 10.6547373], [106.6127072, 10.6551163], [106.6123175, 10.6558074], [106.6115279, 10.6561105], [106.6114274, 10.6565987], [106.6108306, 10.6568979], [106.6105133, 10.6566013], [106.6092494, 10.6574768], [106.6069861, 10.6580456], [106.6057924, 10.6581396], [106.6054934, 10.6583146], [106.6055605, 10.6585985], [106.6053836, 10.6586959], [106.6047259, 10.6579783], [106.6041939, 10.6570103], [106.6039106, 10.6558818], [106.6032408, 10.6547621], [106.6028497, 10.6534363], [106.6019211, 10.6523284], [106.6017542, 10.6512846], [106.6015009, 10.6510311], [106.6006523, 10.6506916], [106.6002953, 10.6513686], [106.6003105, 10.6520023], [106.600007, 10.6522379], [106.599659, 10.6522581], [106.5996118, 10.6525942], [106.5990925, 10.6525164], [106.5984494, 10.6528953], [106.5974935, 10.6531399], [106.5975102, 10.6533844], [106.5952297, 10.6534997], [106.5952794, 10.6531131], [106.5955505, 10.6529725], [106.5954791, 10.652325], [106.5956508, 10.6510809], [106.5959254, 10.6503934], [106.5950103, 10.6503684], [106.5949769, 10.6506025], [106.5927656, 10.6504001], [106.591663, 10.6501114], [106.5914942, 10.6511666], [106.5909105, 10.6510949], [106.5905312, 10.6527818], [106.5869821, 10.6524906], [106.586855, 10.6532116], [106.5841286, 10.6536567], [106.5831997, 10.6553672], [106.580701, 10.6554989], [106.5805785, 10.6560603], [106.5798284, 10.6560951], [106.5793893, 10.6549274], [106.5788075, 10.6544953], [106.5779066, 10.6532379], [106.5780654, 10.6526492], [106.5780058, 10.651892], [106.5795486, 10.6519005], [106.5793738, 10.6503774], [106.5789715, 10.6496043], [106.5786036, 10.649432], [106.5786197, 10.6491884], [106.5769639, 10.648885], [106.5766742, 10.6493515], [106.5754631, 10.6491116], [106.5751194, 10.6498703], [106.5733555, 10.6498562], [106.5730677, 10.6520628], [106.5734877, 10.6541309], [106.5728599, 10.6543657], [106.5698411, 10.6562645], [106.5686163, 10.656583], [106.5685221, 10.6560476], [106.5662728, 10.6564275], [106.5658803, 10.6537659], [106.5650451, 10.6530313], [106.5652959, 10.6523024], [106.5644638, 10.6521552], [106.5631335, 10.6522051], [106.5630729, 10.6514923], [106.559774, 10.6516331], [106.5590288, 10.6518814], [106.558777, 10.6506093], [106.55918, 10.6499646], [106.5586492, 10.6491948], [106.5585265, 10.648638], [106.5579277, 10.648603], [106.5572657, 10.6505125], [106.5563712, 10.6508857], [106.5556683, 10.6509266], [106.5552058, 10.652581], [106.5553029, 10.6546835], [106.5555305, 10.6550981], [106.5560088, 10.655402], [106.5559217, 10.6569738], [106.55272, 10.6574903], [106.551732, 10.6573352], [106.5489702, 10.6574327], [106.5490004, 10.6588219], [106.5492686, 10.659657], [106.5502685, 10.6590117], [106.5504895, 10.6590349], [106.5509638, 10.6606142], [106.5513735, 10.6612822], [106.551519, 10.6641393], [106.5519948, 10.664847], [106.5529249, 10.6653134], [106.553235, 10.6656959], [106.5533004, 10.6675446], [106.5535808, 10.6685847], [106.5534468, 10.6688154], [106.5528314, 10.6691163], [106.5520597, 10.6705916], [106.5522727, 10.6712662], [106.5529592, 10.671626], [106.5532335, 10.6720611], [106.5533751, 10.6730566], [106.5533279, 10.6745565], [106.5536211, 10.675406], [106.5529883, 10.6757507], [106.5528713, 10.6771733], [106.5520941, 10.6781212], [106.5515685, 10.6794588], [106.5516173, 10.6801888], [106.5514074, 10.6805533], [106.5515091, 10.6811154], [106.5513432, 10.6817736], [106.5514827, 10.6824299], [106.5510385, 10.6828893], [106.550979, 10.6839489], [106.5504213, 10.6856057], [106.549155, 10.6864444], [106.5481494, 10.6862394], [106.5477686, 10.6866895], [106.5476422, 10.6871709], [106.5399806, 10.6860861], [106.5378323, 10.686124], [106.535663, 10.6855532], [106.5356233, 10.6861173], [106.5350777, 10.687044], [106.5345895, 10.6872899], [106.5338586, 10.6881685], [106.5321761, 10.6935308], [106.5301128, 10.6988696], [106.5289597, 10.7023139], [106.5272397, 10.7091259], [106.5283971, 10.7142349], [106.5284362, 10.7149779], [106.5302547, 10.7172794], [106.5238332, 10.7209711], [106.5202276, 10.7236952], [106.5093718, 10.7170518], [106.5016856, 10.7265365], [106.4996255, 10.7249923], [106.4958316, 10.7277183], [106.4954245, 10.7274369], [106.4911731, 10.7297864], [106.4889865, 10.7312615], [106.4871569, 10.7298149], [106.4824246, 10.7356846], [106.482108, 10.7354428], [106.4735079, 10.7464922], [106.4722331, 10.7455255], [106.4635618, 10.7565046], [106.4885044, 10.7754906], [106.5045619, 10.7889222], [106.5054989, 10.793118], [106.5062932, 10.795111], [106.5080494, 10.8033606], [106.5094941, 10.808948], [106.5113115, 10.8176259], [106.5158115, 10.8348671], [106.5200679, 10.8522195], [106.5258696, 10.8734622], [106.5265122, 10.8769134], [106.5274982, 10.8800642], [106.5328728, 10.8999003], [106.5327461, 10.9010902], [106.5318605, 10.902406], [106.5036803, 10.9168867], [106.4535377, 10.9419195], [106.4222714, 10.9658091], [106.4118982, 10.973542], [106.4109339, 10.9736832], [106.3976003, 10.9720919], [106.3731933, 10.9696228], [106.3567007, 10.9915971], [106.3581866, 10.9923527], [106.3578272, 10.9930584], [106.3597959, 10.9942722], [106.3597181, 10.9944697], [106.3602519, 10.9946698], [106.3599193, 10.995299], [106.3620946, 10.9962653], [106.3623615, 10.9964628], [106.3622381, 10.9965971], [106.3626149, 10.9971763], [106.3628992, 10.9971816], [106.3632452, 10.9975634], [106.3635081, 10.9972264], [106.3669681, 10.9987219], [106.3740304, 10.9995539], [106.3754439, 10.9998488], [106.3769701, 10.9999304], [106.3772973, 11.0003938], [106.377925, 11.0001121], [106.3782683, 11.0002543], [106.3807131, 10.9983967], [106.3850275, 10.9993156], [106.3861634, 10.9991695], [106.3873596, 10.9993446], [106.3881858, 10.9992379], [106.3884661, 10.999467], [106.3911831, 10.9997303], [106.3928461, 11.0003622], [106.4028695, 11.0032531], [106.4033416, 11.0034295], [106.4033228, 11.0035665], [106.4053184, 11.0037613], [106.4053398, 11.0045564], [106.4054632, 11.0049382], [106.4055893, 11.0049408], [106.4056027, 11.0052805], [106.4062357, 11.0053463], [106.4063514, 11.0062708], [106.4105427, 11.0074592], [106.4105898, 11.0076448], [106.4112179, 11.0080542], [106.4128983, 11.0089007], [106.4111495, 11.0132343], [106.410884, 11.0134449], [106.4101598, 11.0135976], [106.4096206, 11.0146534], [106.40928, 11.0146639], [106.4091271, 11.0148219], [106.4092116, 11.0152668], [106.4089608, 11.0165569], [106.4093605, 11.0169176], [106.4095563, 11.0179681], [106.4089259, 11.0200137], [106.409103, 11.0219962], [106.4090037, 11.0226333], [106.4096823, 11.0234758], [106.4093953, 11.0239128], [106.4105648, 11.025861], [106.4108062, 11.0272195], [106.4114875, 11.0293941], [106.4120185, 11.0302628], [106.4132054, 11.0312961], [106.4133623, 11.0316581], [106.4132711, 11.0319451], [106.4149743, 11.0336629], [106.4155698, 11.0337458], [106.4161572, 11.0340407], [106.4171094, 11.0347857], [106.4172059, 11.0350279], [106.4179623, 11.0354175], [106.4184558, 11.0354807], [106.4187026, 11.0356966], [106.4187455, 11.036102], [106.4201403, 11.0361915], [106.4201564, 11.0369234], [106.4213633, 11.0395402], [106.4210629, 11.0397508], [106.4222002, 11.0415251], [106.4216799, 11.0420121], [106.4228064, 11.0428098], [106.4224255, 11.043339], [106.4229137, 11.0436733], [106.422286, 11.0446105], [106.4233911, 11.0454516], [106.4226454, 11.046627], [106.4247771, 11.0473832], [106.4225972, 11.0492437], [106.4203428, 11.0519564], [106.4212681, 11.0555919], [106.4210093, 11.0567843], [106.4211903, 11.0570844], [106.421008, 11.0574319], [106.4230887, 11.058192], [106.4207397, 11.0611304], [106.4216302, 11.0619221], [106.420216, 11.0633818], [106.4213097, 11.0649066], [106.4215994, 11.0648118], [106.4217389, 11.0651803], [106.4224899, 11.0655594], [106.4225006, 11.06587], [106.4227956, 11.0658858], [106.4227956, 11.0661385], [106.4257783, 11.0666229], [106.4253116, 11.0685234], [106.4253759, 11.069371], [106.4256656, 11.0701712], [106.4263147, 11.0711031], [106.427393, 11.0740144], [106.4274198, 11.075062], [106.4266661, 11.0763623], [106.4264059, 11.0780838], [106.4260518, 11.0780101], [106.4259124, 11.0813478], [106.4265642, 11.0817873], [106.4265615, 11.0830482], [106.4271958, 11.0832245], [106.4268069, 11.0837101], [106.4271274, 11.0839799], [106.4265454, 11.0847696], [106.4264059, 11.0891706], [106.4260518, 11.0907182], [106.4260116, 11.09165], [106.4269075, 11.091979], [106.430338, 11.0919264], [106.430338, 11.0920843], [106.4308879, 11.0920896], [106.4308543, 11.0937136], [106.4315987, 11.0983355], [106.4322987, 11.0983342], [106.4331034, 11.1003358], [106.4338812, 11.1002358], [106.4358902, 11.1061526], [106.4373922, 11.1099057], [106.437124, 11.1101294], [106.43736, 11.1106585], [106.43736, 11.1115323], [106.4377463, 11.1122429], [106.4385456, 11.112664], [106.4404285, 11.1147274], [106.4411473, 11.1149064], [106.4414665, 11.1146906], [106.4420298, 11.1151117], [106.4423275, 11.1155644], [106.442644, 11.1162486], [106.4426064, 11.1168435], [106.4429069, 11.1176172], [106.4430731, 11.1192542], [106.4435774, 11.1201754], [106.4435774, 11.1208123], [106.4440119, 11.1225809], [106.444425, 11.1230862], [106.4443606, 11.1238047], [106.444838, 11.1252706], [106.4448112, 11.1264865], [106.4451331, 11.1268286], [106.4453584, 11.1274024], [106.4460772, 11.1276392], [106.446442, 11.1286761], [106.4470696, 11.129692], [106.4484858, 11.1307276], [106.447928, 11.1314974], [106.447818, 11.1321053], [106.4480755, 11.1322685], [106.4479038, 11.1327922], [106.4477561, 11.1360302], [106.4445645, 11.1360819], [106.4433092, 11.1363082], [106.4424884, 11.1367819], [106.4405867, 11.1384478], [106.4365017, 11.1408084], [106.435681, 11.1416926], [106.4349192, 11.14314], [106.434195, 11.1441085], [106.431824, 11.1464295], [106.4297882, 11.1488217], [106.4296862, 11.1493796], [106.4300269, 11.1498454], [106.4319742, 11.1502217], [106.4327735, 11.1506822], [106.4341146, 11.152919], [106.4365755, 11.1555282], [106.4369738, 11.1570769], [106.4368987, 11.1590715], [106.4363247, 11.1610399], [106.4353269, 11.1625135], [106.4343399, 11.1634556], [106.4334279, 11.1646897], [106.4330015, 11.1658212], [106.4327306, 11.1681658], [106.432693, 11.1714367], [106.4322411, 11.1726905], [106.431663, 11.173576], [106.4303018, 11.1746588], [106.4296996, 11.1747601], [106.4293858, 11.1746575], [106.4286751, 11.1738891], [106.4276209, 11.171563], [106.426827, 11.1708315], [106.4257944, 11.1704604], [106.4238122, 11.1707209], [106.4228198, 11.1711235], [106.4209825, 11.1722235], [106.4188662, 11.1726471], [106.4170772, 11.1740759], [106.4164194, 11.1743509], [106.415602, 11.1743733], [106.4130753, 11.173997], [106.4122224, 11.173526], [106.4111254, 11.1722142], [106.4104334, 11.1723511], [106.4099452, 11.173026], [106.4098584, 11.1738916], [106.4102798, 11.175761], [106.4103625, 11.1779472], [106.4098118, 11.1791702], [106.4096028, 11.1807272], [106.4097309, 11.181642], [106.4106651, 11.1829597], [106.4106877, 11.1833664], [106.4102365, 11.1838567], [106.4086585, 11.1837319], [106.4078144, 11.1839799], [106.4064409, 11.185634], [106.4056672, 11.1876514], [106.4051335, 11.1881421], [106.4046999, 11.1880221], [106.4044718, 11.1877384], [106.4044691, 11.1871891], [106.4049446, 11.1853259], [106.4049823, 11.184573], [106.404773, 11.183923], [106.4043165, 11.183315], [106.4028171, 11.1823762], [106.4003596, 11.1815537], [106.3987713, 11.1814188], [106.3983288, 11.1815734], [106.3976099, 11.1821463], [106.3963799, 11.1836166], [106.3949816, 11.1844164], [106.3914473, 11.1847685], [106.3886871, 11.1853305], [106.3879979, 11.1856286], [106.3877521, 11.1859959], [106.3875545, 11.1877868], [106.3870156, 11.1893657], [106.3860119, 11.1907739], [106.3841742, 11.1923792], [106.3837873, 11.193398], [106.3837899, 11.1939472], [106.3841674, 11.1952879], [106.3840222, 11.1972719], [106.3844118, 11.1989889], [106.3844807, 11.2004733], [106.3848544, 11.2010006], [106.3857641, 11.2015252], [106.3866255, 11.2027111], [106.3868364, 11.2036865], [106.3870935, 11.2078857], [106.3875841, 11.2091547], [106.3891846, 11.2118119], [106.3891872, 11.2123611], [106.3887881, 11.2130037], [106.3845687, 11.2146099], [106.3837151, 11.2150918], [106.3819492, 11.2166459], [106.3803025, 11.2172638], [106.3799537, 11.2176315], [106.3798124, 11.2182831], [106.3803886, 11.2202229], [106.3813149, 11.2220189], [106.3820883, 11.2242324], [106.3837384, 11.2264724], [106.3838047, 11.2274078], [106.3835412, 11.228365], [106.382607, 11.2292135], [106.3818858, 11.2293185], [106.381349, 11.2292193], [106.3799636, 11.2284121], [106.3792213, 11.2284359], [106.3788718, 11.2286409], [106.3783162, 11.2296404], [106.3782004, 11.2334338], [106.3775414, 11.2357164], [106.3769969, 11.2364653], [106.3756267, 11.2374221], [106.3749724, 11.2381402], [106.3727239, 11.2415438], [106.3714906, 11.2444127], [106.3712302, 11.244706], [106.3708603, 11.2448422], [106.370403, 11.2447606], [106.3684055, 11.2433375], [106.3659155, 11.2418548], [106.3653613, 11.2411986], [106.3647908, 11.23994], [106.3630153, 11.2382901], [106.362452, 11.2380856], [106.3614916, 11.2381321], [106.3597383, 11.2388255], [106.3585672, 11.2399545], [106.357373, 11.2426222], [106.3563191, 11.2458403], [106.3554132, 11.2471712], [106.3538307, 11.2481341], [106.3529724, 11.248334], [106.3518039, 11.2483448], [106.3512855, 11.2485384], [106.3510856, 11.2492532], [106.3512772, 11.2501439], [106.3517392, 11.2511392], [106.3524283, 11.2519806], [106.3541365, 11.2531586], [106.3557536, 11.2547167], [106.3565307, 11.2552316], [106.3580962, 11.2556598], [106.3608149, 11.2558788], [106.3609315, 11.2563997], [106.3606577, 11.257664], [106.3610063, 11.2586094], [106.3619157, 11.2592863], [106.3640177, 11.2594879], [106.3644022, 11.2600812], [106.3643375, 11.260805], [106.3636525, 11.2622558], [106.3631513, 11.2626614], [106.3621589, 11.2630707], [106.3617014, 11.2628534], [106.3603131, 11.2612825], [106.3596779, 11.2609557], [106.3589269, 11.2608663], [106.3580644, 11.2609715], [106.3558299, 11.2616151], [106.3536377, 11.2618346], [106.3518393, 11.2625286], [106.3508373, 11.2625025], [106.3504303, 11.262909], [106.350486, 11.2634469], [106.351823, 11.264638], [106.3527685, 11.2660853], [106.3529258, 11.266684], [106.3531493, 11.2701257], [106.3541507, 11.2725224], [106.3541311, 11.2742398], [106.3537529, 11.2760945], [106.353938, 11.2767861], [106.3550916, 11.2790252], [106.3552321, 11.2799005], [106.3550137, 11.2803096], [106.3541415, 11.2803349], [106.3535839, 11.2808317], [106.3533904, 11.2815254], [106.3533203, 11.2828834], [106.3534166, 11.2832798], [106.3536596, 11.2834899], [106.3554319, 11.283742], [106.356104, 11.2840094], [106.3563686, 11.2843365], [106.3563305, 11.2849771], [106.3556999, 11.2855926], [106.3553388, 11.2862352], [106.3551638, 11.2880612], [106.3547868, 11.2881924], [106.3544299, 11.2880345], [106.3528888, 11.2858815], [106.3526049, 11.2857103], [106.3524462, 11.2860766], [106.352632, 11.2868386], [106.3525532, 11.287402], [106.3517025, 11.2884612], [106.3508105, 11.2888911], [106.3493301, 11.2891688], [106.3480239, 11.2896582], [106.3471514, 11.2895806], [106.3463487, 11.2890355], [106.3453465, 11.2879768], [106.3446892, 11.287003], [106.3442049, 11.2858699], [106.3442075, 11.2847492], [106.3445906, 11.2839372], [106.3453236, 11.2830437], [106.3453138, 11.2826917], [106.3448131, 11.282452], [106.3437736, 11.2827258], [106.3424351, 11.2837315], [106.3407846, 11.2858135], [106.3407093, 11.2867342], [106.3413013, 11.2887807], [106.3413747, 11.2906874], [106.3408434, 11.2934099], [106.3411622, 11.2938989], [106.3419703, 11.2940788], [106.3446406, 11.2934917], [106.3449114, 11.2937682], [106.3447595, 11.2942305], [106.3438102, 11.2956354], [106.3427453, 11.2967358], [106.3411117, 11.2974862], [106.3401189, 11.2981798], [106.3397518, 11.2980783], [106.3384321, 11.2970133], [106.3380982, 11.2966514], [106.3379802, 11.2962475], [106.3382817, 11.2952404], [106.3394767, 11.293804], [106.3401569, 11.2921747], [106.340006, 11.2918564], [106.3387889, 11.2919475], [106.3381047, 11.2922759], [106.3371742, 11.2934204], [106.3359243, 11.2944909], [106.3354677, 11.2952884], [106.3352564, 11.296269], [106.3352711, 11.2992198], [106.3354769, 11.3001312], [106.3359755, 11.3009545], [106.3375429, 11.3023505], [106.3379987, 11.303148], [106.3409722, 11.3108639], [106.3417133, 11.3123682], [106.3420807, 11.3145085], [106.3431911, 11.3170329], [106.3450773, 11.3223533], [106.3452063, 11.3241565], [106.3445924, 11.3257787], [106.3429877, 11.327769], [106.3424102, 11.3281226], [106.3411528, 11.3284568], [106.3404229, 11.3290858], [106.3388485, 11.3327917], [106.3378388, 11.3343031], [106.3366325, 11.335669], [106.3340371, 11.3376849], [106.3324052, 11.3385237], [106.3299966, 11.3394241], [106.3286043, 11.3404789], [106.3276013, 11.3421488], [106.327362, 11.3432047], [106.327367, 11.3442798], [106.3276106, 11.3453178], [106.3280799, 11.3462784], [106.3316497, 11.3506742], [106.3329967, 11.3528343], [106.3340554, 11.3549204], [106.3350987, 11.3579956], [106.3354527, 11.3599204], [106.3356282, 11.3624936], [106.3360233, 11.3632844], [106.3365173, 11.3636705], [106.3372416, 11.3638698], [106.342941, 11.3636821], [106.3443545, 11.3642759], [106.3453677, 11.365305], [106.3458975, 11.3665198], [106.3464871, 11.3690121], [106.3468475, 11.3736224], [106.3474202, 11.3761358], [106.347905, 11.3768582], [106.3485575, 11.3774401], [106.3510502, 11.3785312], [106.3515532, 11.3790975], [106.3518536, 11.3797644], [106.3520094, 11.3811517], [106.3517865, 11.3843136], [106.3518459, 11.3868828], [106.3521243, 11.3888458], [106.3526834, 11.3904742], [106.354115, 11.3927118], [106.3555763, 11.3938215], [106.3576845, 11.3947998], [106.3586296, 11.3954044], [106.3595583, 11.3963472], [106.3603071, 11.3976764], [106.3607852, 11.3998074], [106.3609153, 11.4019692], [106.3597922, 11.4131532], [106.3597806, 11.4147031], [106.3600294, 11.4170141], [106.3605683, 11.4191941], [106.3611768, 11.4206893], [106.3617377, 11.4213481], [106.3638299, 11.4229073], [106.3645542, 11.4240415], [106.3649458, 11.4249933], [106.3653778, 11.4269121], [106.3656192, 11.4292787], [106.365839, 11.4332475], [106.3658492, 11.437958], [106.3660449, 11.4398336], [106.366712, 11.4423888], [106.3684221, 11.445809], [106.3699789, 11.447966], [106.3718098, 11.4499052], [106.3747791, 11.4518427], [106.3781908, 11.4537048], [106.3823629, 11.4556297], [106.3872322, 11.4574336], [106.3915157, 11.458659], [106.3971376, 11.4611226], [106.4001162, 11.4627751], [106.4029741, 11.464621], [106.4061215, 11.4669937], [106.4085928, 11.4691507], [106.4106942, 11.4714368], [106.4139725, 11.4757164], [106.4169645, 11.4801929], [106.4192515, 11.4840992], [106.4215026, 11.4884927], [106.4222939, 11.4904045], [106.4230586, 11.4932051], [106.4233839, 11.495733], [106.4256772, 11.4958895], [106.4278723, 11.4966256], [106.4298255, 11.4979158], [106.431454, 11.4996897], [106.4326284, 11.5006261], [106.4340126, 11.5013046], [106.43547, 11.5015756], [106.4366765, 11.5015384], [106.4378334, 11.5012776], [106.4413344, 11.4994743], [106.4432379, 11.4989356], [106.4446898, 11.4989093], [106.448046, 11.4994122], [106.4500216, 11.4995075], [106.4568758, 11.4989601], [106.4654622, 11.4988019], [106.4672665, 11.4981689], [106.4694347, 11.4963928], [106.4702197, 11.49625], [106.4715406, 11.4964872], [106.4727621, 11.4964303], [106.4739346, 11.4960373], [106.4746264, 11.4953479], [106.4755221, 11.4960651], [106.4764134, 11.4956603], [106.4769414, 11.4956805], [106.4780115, 11.4966272], [106.4787494, 11.496924], [106.4791929, 11.4974812], [106.4797212, 11.4974518], [106.4801502, 11.497157], [106.4804739, 11.4972569], [106.4809553, 11.4976629], [106.4809168, 11.4984763], [106.4817935, 11.4992255], [106.4828675, 11.4990775], [106.4833277, 11.4988129], [106.4837099, 11.4982718], [106.4845949, 11.4979224], [106.4851326, 11.4981106], [106.486308, 11.4980089], [106.4868299, 11.4985814], [106.4885595, 11.4994646], [106.4893734, 11.4995541], [106.4896093, 11.4993392], [106.48971, 11.4986545], [106.4899946, 11.4984006], [106.4899544, 11.4977729], [106.4916084, 11.4981909], [106.4921898, 11.4976012], [106.4929378, 11.4976194], [106.4931771, 11.4972438], [106.4938688, 11.4969757], [106.4947172, 11.4960488], [106.4957528, 11.4963902], [106.4973608, 11.4957448], [106.4978331, 11.4951984], [106.4983963, 11.4948766], [106.4985951, 11.4940812], [106.5000851, 11.4928871], [106.5007246, 11.4921709], [106.5014375, 11.4919833], [106.5018622, 11.4916681], [106.5031332, 11.4892533], [106.5049678, 11.4889221], [106.5052539, 11.4883552], [106.5059796, 11.4878519], [106.5064677, 11.4879068], [106.5070563, 11.4884504], [106.5078977, 11.4881181], [106.5085312, 11.4882207], [106.5088248, 11.4874765], [106.5097055, 11.4869809], [106.5098246, 11.4861441], [106.5105883, 11.4856313], [106.5114989, 11.485446], [106.5119677, 11.4843817], [106.5131459, 11.483886], [106.5142326, 11.4823849], [106.5161743, 11.4824337], [106.5163833, 11.4818988], [106.5168849, 11.4814586], [106.5182721, 11.4816597], [106.5186641, 11.4824224], [106.5194251, 11.4814736], [106.5202242, 11.4818594], [106.5213649, 11.481931], [106.5217534, 11.4816605], [106.5224266, 11.480563], [106.5230822, 11.4806339], [106.5235501, 11.4803478], [106.5242681, 11.4802626], [106.5266802, 11.4784377], [106.5272068, 11.4777333], [106.5274006, 11.4770814], [106.5279008, 11.4767852], [106.5287803, 11.4758458], [106.529089, 11.4751652], [106.5326653, 11.4731557], [106.533478, 11.4728964], [106.5335991, 11.4723983], [106.534724, 11.4716403], [106.5349668, 11.4712733], [106.5353586, 11.4713699], [106.5367628, 11.4706099], [106.5373458, 11.4704805], [106.537394, 11.4700527], [106.5379996, 11.4692571], [106.5395563, 11.4683951], [106.5395216, 11.467941], [106.5400649, 11.4675565], [106.5416475, 11.4681704], [106.5420026, 11.4680306], [106.5423218, 11.4675373], [106.5429774, 11.4677324], [106.5431777, 11.4674194], [106.54342, 11.4673822], [106.5435613, 11.4679879], [106.543744, 11.4681593], [106.5445883, 11.4683688], [106.5452111, 11.468181], [106.5457226, 11.4683254], [106.5464898, 11.4692788], [106.5471049, 11.4703978], [106.5475976, 11.470762], [106.5481467, 11.4707756], [106.5498331, 11.4726674], [106.5501256, 11.4733379], [106.5500922, 11.4742518], [106.5513842, 11.4762556], [106.5514213, 11.4768787], [106.5523679, 11.4773887], [106.5526242, 11.4779476], [106.5529093, 11.4778611], [106.5533992, 11.4780126], [106.5537247, 11.477882], [106.553916, 11.4782093], [106.5542877, 11.4782616], [106.5543145, 11.4791275], [106.5545937, 11.4795266], [106.554498, 11.4799177], [106.5549411, 11.4803315], [106.5544971, 11.481261], [106.5550754, 11.4821832], [106.5554493, 11.4821077], [106.5559485, 11.4826744], [106.5560194, 11.4831606], [106.5565022, 11.483902], [106.5562335, 11.4846359], [106.5564, 11.4849987], [106.5602669, 11.4719155], [106.5663528, 11.4655778], [106.5665269, 11.4650296], [106.5674724, 11.4644331], [106.5687023, 11.4627938], [106.56896, 11.461766], [106.5712175, 11.4593379], [106.5722735, 11.457543], [106.5727561, 11.4571081], [106.5728438, 11.4565034], [106.5731675, 11.4564432], [106.5730096, 11.4559961], [106.573033, 11.4553224], [106.5725133, 11.4543604], [106.5723379, 11.4535027], [106.5717611, 11.4531109], [106.5710065, 11.4521685], [106.5707054, 11.4513424], [106.5703535, 11.4512072], [106.5700566, 11.4506095], [106.5693998, 11.4500392], [106.5678561, 11.4493495], [106.5669605, 11.4479214], [106.5661679, 11.4472065], [106.5653894, 11.445913], [106.5653095, 11.4455886], [106.5655509, 11.4455412], [106.5654234, 11.4452045], [106.5646973, 11.4448109], [106.5643257, 11.4442833], [106.5634953, 11.4435985], [106.5627626, 11.4432572], [106.5623176, 11.4427983], [106.5619383, 11.4427138], [106.5616482, 11.442351], [106.5610774, 11.4422544], [106.5603426, 11.4413616], [106.5596201, 11.4410309], [106.5588802, 11.4395079], [106.5575157, 11.4395403], [106.5554845, 11.4401415], [106.5551803, 11.4397946], [106.5548724, 11.4398749], [106.5547402, 11.4395602], [106.5544088, 11.4393194], [106.5541166, 11.4395635], [106.5537101, 11.4390775], [106.5533094, 11.4390973], [106.5530621, 11.4386943], [106.5530983, 11.4383047], [106.5516745, 11.4376984], [106.5512674, 11.4377851], [106.5509572, 11.4375586], [106.5508613, 11.4372363], [106.5504116, 11.4371968], [106.5498856, 11.4365699], [106.5489896, 11.4364646], [106.5489144, 11.4360511], [106.5481454, 11.4356326], [106.5479271, 11.4353518], [106.5475938, 11.4353011], [106.5473707, 11.4346925], [106.54678, 11.4344999], [106.5462798, 11.4334762], [106.5459015, 11.4335388], [106.54575, 11.4325283], [106.5455169, 11.4321636], [106.5457437, 11.4317924], [106.5452434, 11.4310535], [106.5453215, 11.4306681], [106.5448751, 11.4304435], [106.5447547, 11.4297617], [106.5442837, 11.4292627], [106.5436836, 11.4282138], [106.543683, 11.4278942], [106.543352, 11.4275693], [106.5433095, 11.4270252], [106.5429806, 11.4267821], [106.5426134, 11.4270643], [106.5422666, 11.4271125], [106.5414924, 11.4265219], [106.5414531, 11.4257394], [106.5411346, 11.4252256], [106.5411403, 11.4238161], [106.5419766, 11.4234888], [106.5419668, 11.4228974], [106.5427456, 11.4226355], [106.5428171, 11.4219661], [106.5432465, 11.4215958], [106.5435431, 11.4209896], [106.5444435, 11.420213], [106.54484, 11.4192921], [106.5444914, 11.4187488], [106.5445655, 11.4181683], [106.5459235, 11.4166037], [106.5462113, 11.4159951], [106.5470071, 11.4153259], [106.5469714, 11.4149814], [106.5471692, 11.4145701], [106.5470653, 11.4139076], [106.5474069, 11.4130548], [106.5474079, 11.4125041], [106.5479, 11.4120533], [106.5476257, 11.4115006], [106.5478306, 11.4110936], [106.5477307, 11.4103779], [106.5479161, 11.4098896], [106.5472981, 11.409023], [106.5477356, 11.4083166], [106.5480083, 11.4069072], [106.5475633, 11.4061594], [106.5477088, 11.4046747], [106.5476249, 11.4040501], [106.5478458, 11.403439], [106.5474522, 11.4024131], [106.546651, 11.4019134], [106.5464223, 11.4012948], [106.5459742, 11.4011854], [106.5458213, 11.4005874], [106.5461602, 11.3999961], [106.5461579, 11.3991229], [106.5459974, 11.3985924], [106.5455915, 11.3983455], [106.5456389, 11.39795], [106.5459098, 11.3977293], [106.5457753, 11.3974121], [106.5459316, 11.3969832], [106.5454585, 11.3956886], [106.5447074, 11.3952675], [106.5444245, 11.3949065], [106.5445141, 11.3933164], [106.5437784, 11.3927048], [106.5436424, 11.3922355], [106.5427444, 11.3916569], [106.5425134, 11.391192], [106.541832, 11.3908584], [106.5416701, 11.3904935], [106.541282, 11.3904542], [106.541044, 11.3900579], [106.5411632, 11.3895009], [106.5407302, 11.3895332], [106.540476, 11.3892595], [106.539595, 11.3890016], [106.5394733, 11.388304], [106.5389528, 11.3878319], [106.5388844, 11.3875329], [106.5392548, 11.3877393], [106.5404748, 11.3872031], [106.5405523, 11.3869308], [106.5416618, 11.3865078], [106.5418053, 11.3858859], [106.5427221, 11.3849985], [106.5429693, 11.3849919], [106.5431528, 11.3852423], [106.5437926, 11.3852024], [106.5448271, 11.384474], [106.5446736, 11.3841441], [106.5450128, 11.3837085], [106.5458287, 11.3834715], [106.5460351, 11.383175], [106.5463276, 11.3832931], [106.5464918, 11.3830417], [106.5468379, 11.3832397], [106.5470265, 11.3819516], [106.546803, 11.3816592], [106.5469229, 11.3813764], [106.5472188, 11.3812968], [106.5473291, 11.3810372], [106.5476826, 11.3808602], [106.5480652, 11.3809801], [106.548641, 11.3804469], [106.5486369, 11.3801011], [106.5490558, 11.3800327], [106.5490586, 11.3795487], [106.5493673, 11.3792866], [106.5493605, 11.3789065], [106.5501409, 11.3774166], [106.550085, 11.3764758], [106.5504188, 11.3759321], [106.5521964, 11.3741728], [106.5527386, 11.3731074], [106.5532218, 11.3729101], [106.5543355, 11.3729674], [106.5544711, 11.3724556], [106.5550169, 11.371891], [106.5554578, 11.371901], [106.5555115, 11.3716207], [106.5563011, 11.3713083], [106.5575659, 11.3709223], [106.5579837, 11.3711155], [106.558255, 11.3709557], [106.5589785, 11.3710617], [106.5595189, 11.3705015], [106.5604489, 11.3705951], [106.5614766, 11.3701799], [106.5618808, 11.3701897], [106.5621281, 11.3698386], [106.5630126, 11.3700437], [106.5629973, 11.3705888], [106.5632047, 11.3708089], [106.5639404, 11.3708253], [106.5649789, 11.3712049], [106.5661693, 11.3709551], [106.5664233, 11.3715921], [106.5681662, 11.3724889], [106.568512, 11.3729872], [106.5690672, 11.3731066], [106.5697324, 11.3735852], [106.5702661, 11.3735591], [106.5706149, 11.3737167], [106.5712652, 11.3748272], [106.572471, 11.3761148], [106.573306, 11.3767049], [106.5750338, 11.377484], [106.5761449, 11.3786055], [106.5768268, 11.3786896], [106.57774, 11.3791099], [106.5794102, 11.3792247], [106.5809065, 11.3800275], [106.5816671, 11.3798414], [106.5822025, 11.379938], [106.5828628, 11.3798151], [106.5837848, 11.3801617], [106.5848833, 11.3800184], [106.5870343, 11.3813442], [106.5881376, 11.3816434], [106.5903916, 11.3813969], [106.5920494, 11.3807295], [106.5934717, 11.3821785], [106.5975047, 11.3854607], [106.5993961, 11.3864397], [106.6132392, 11.387468], [106.6130264, 11.3806497], [106.6132669, 11.3771781], [106.6161176, 11.3632552], [106.6167641, 11.3630824], [106.6174559, 11.3625542], [106.6191102, 11.3621295], [106.6204274, 11.3621318], [106.6222127, 11.3623942], [106.6234546, 11.3612777], [106.6248262, 11.3607413], [106.6255695, 11.3601265], [106.6261835, 11.3598593], [106.6279673, 11.3598564], [106.6284698, 11.3595817], [106.6299087, 11.3592851], [106.63022, 11.3594316], [106.6305953, 11.3593341], [106.6309937, 11.3596716], [106.6315162, 11.3592579], [106.6320532, 11.3593174], [106.6327703, 11.3588841], [106.6342973, 11.3591136], [106.6346293, 11.3595938], [106.6350147, 11.3594143], [106.6353583, 11.3595151], [106.6355106, 11.3592607], [106.6357939, 11.3592016], [106.6361624, 11.3596869], [106.6368769, 11.3598619], [106.6382967, 11.359555], [106.6401011, 11.3597748], [106.6405326, 11.3595548], [106.6411781, 11.3595668], [106.6424094, 11.3596446], [106.6428253, 11.3600559], [106.6432541, 11.3599126], [106.6437092, 11.3601666], [106.6452018, 11.3594573], [106.6457712, 11.3596506], [106.6459169, 11.3592874], [106.6465579, 11.3592673], [106.6472962, 11.3589573], [106.647966, 11.3591005], [106.6489541, 11.3598964], [106.6498356, 11.3597233], [106.6500158, 11.3593084], [106.650549, 11.359401], [106.6509179, 11.3598448], [106.6515146, 11.3599898], [106.651871, 11.3594636], [106.6522226, 11.3594182], [106.65232, 11.3591246], [106.6526393, 11.3590529], [106.6527167, 11.3587135], [106.6533258, 11.3587073], [106.6538821, 11.3589413], [106.6541233, 11.3583266], [106.6545451, 11.3578144], [106.6550418, 11.3572485], [106.6555041, 11.3572921], [106.6556442, 11.3568535], [106.6567083, 11.3574581], [106.6575047, 11.3574513], [106.658031, 11.357035], [106.6582384, 11.3564337], [106.6586898, 11.3560897], [106.6597715, 11.3561308], [106.6609463, 11.3555565], [106.6620861, 11.3554478], [106.6624813, 11.3551969], [106.6629768, 11.3553377], [106.6633793, 11.3549202], [106.6644345, 11.3549168], [106.6649911, 11.3545835], [106.6651226, 11.3542058], [106.6653256, 11.3540893], [106.6657739, 11.3541975], [106.6664183, 11.3540658], [106.6668254, 11.3547831], [106.6671228, 11.3549212], [106.6673901, 11.3545576], [106.6678328, 11.3545398], [106.6689485, 11.3540419], [106.6699583, 11.3544751], [106.6712996, 11.3537498], [106.6716277, 11.3538652], [106.6720164, 11.3543659], [106.6725775, 11.3543063], [106.6741201, 11.3546683], [106.6741202, 11.354971], [106.6736642, 11.355293], [106.6741739, 11.3561039], [106.6738604, 11.3562744], [106.6737855, 11.3565221], [106.6748887, 11.3578176], [106.6754909, 11.3578174], [106.6756717, 11.3579697], [106.6754477, 11.3584951], [106.6749501, 11.3588095], [106.6748958, 11.3591253], [106.6751389, 11.3593702], [106.6754975, 11.3591327], [106.6757016, 11.3592186], [106.6757906, 11.36054], [106.6761526, 11.3611816], [106.6760376, 11.3620969], [106.6765523, 11.3625341], [106.6770692, 11.3627061], [106.6769872, 11.3634618], [106.6774327, 11.3640516], [106.6773775, 11.3643291], [106.6768811, 11.3646914], [106.6767573, 11.3650072], [106.6768479, 11.3653712], [106.6772852, 11.365832], [106.6772018, 11.3662798], [106.6776584, 11.3674309], [106.6774935, 11.3683162], [106.677858, 11.3703019], [106.6775554, 11.3712056], [106.6776675, 11.3716844], [106.6774686, 11.3721678], [106.677631, 11.3729823], [106.6779323, 11.3733749], [106.6778068, 11.374075], [106.6779994, 11.3743048], [106.6785639, 11.3745057], [106.6789286, 11.3755403], [106.6788501, 11.3757993], [106.6784278, 11.3761359], [106.6786113, 11.3769738], [106.6781092, 11.377737], [106.6782833, 11.3785086], [106.6779831, 11.3790799], [106.6775193, 11.3809018], [106.6773694, 11.3810324], [106.6766844, 11.3810562], [106.676253, 11.3813064], [106.6759165, 11.3817344], [106.6757466, 11.3823361], [106.6763599, 11.3829468], [106.6771891, 11.3830605], [106.6792039, 11.3849353], [106.6734163, 11.4012617], [106.6758342, 11.401802], [106.6774338, 11.3979763], [106.6798963, 11.398356], [106.6804057, 11.3977075], [106.6839516, 11.3985566], [106.6856791, 11.3969984], [106.6864013, 11.3955296], [106.6883837, 11.39674], [106.6897802, 11.397821], [106.6928649, 11.3994482], [106.6930385, 11.4010802], [106.6929483, 11.4018853], [106.6941227, 11.4020478], [106.6976104, 11.4030679], [106.6979741, 11.4019602], [106.699209, 11.4003657], [106.7004121, 11.3992202], [106.7004606, 11.3984622], [106.7010131, 11.3981913], [106.7024795, 11.3979038], [106.7040589, 11.3965508], [106.7042128, 11.3965216], [106.7048782, 11.3973368], [106.708939, 11.3993765], [106.7100388, 11.4005104], [106.710289, 11.401381], [106.7100313, 11.4022846], [106.7089983, 11.4036608], [106.7087896, 11.4041826], [106.708811, 11.4050262], [106.7092016, 11.4060381], [106.7100006, 11.4070262], [106.7115408, 11.4084455], [106.7143658, 11.4104324], [106.7168764, 11.4125733], [106.7184606, 11.4142879], [106.7187122, 11.4147407], [106.7187586, 11.4159153], [106.718043, 11.4180641], [106.7177236, 11.4196687], [106.7176964, 11.4210144], [106.718144, 11.4224062], [106.7186279, 11.4228225], [106.7197652, 11.4229922], [106.7223362, 11.4226361], [106.7239972, 11.4227424], [106.7254092, 11.4231885], [106.726158, 11.4239842], [106.7264125, 11.4247823], [106.7264764, 11.4258705], [106.7262906, 11.4267963], [106.725733, 11.4281788], [106.7256426, 11.4294518], [106.7262247, 11.4312575], [106.7268686, 11.4323665], [106.727903, 11.4330837], [106.7291542, 11.4332796], [106.7308633, 11.432879], [106.7330785, 11.4318494], [106.7348098, 11.4316603], [106.73821, 11.4320867], [106.7407103, 11.4330179], [106.741545, 11.4337103], [106.7420681, 11.4348191], [106.7420932, 11.4357385], [106.7415385, 11.4376203], [106.7414436, 11.4389025], [106.7418133, 11.4405744], [106.7425138, 11.4417065], [106.7432218, 11.4423222], [106.7440618, 11.4427498], [106.7480395, 11.4436388], [106.7509621, 11.4449551], [106.7536118, 11.4468581], [106.7546723, 11.4479889], [106.7555513, 11.4492604], [106.7565808, 11.4516642], [106.7565752, 11.4530047], [106.755859, 11.454143], [106.7534196, 11.4554591], [106.7526235, 11.4564522], [106.7523388, 11.458088], [106.7525397, 11.4611411], [106.7523613, 11.4624976], [106.7517771, 11.463845], [106.750544, 11.4655558], [106.7499734, 11.4673851], [106.7501685, 11.4688391], [106.7504378, 11.4695197], [106.7525344, 11.471951], [106.753119, 11.4729158], [106.7534372, 11.4739629], [106.7536645, 11.4762351], [106.7539307, 11.4766821], [106.7554814, 11.4772591], [106.7579598, 11.4773119], [106.7587762, 11.4774872], [106.7623668, 11.4799714], [106.7635344, 11.4804442], [106.7650738, 11.4805085], [106.7667779, 11.4798229], [106.7673869, 11.4798629], [106.7677654, 11.4803417], [106.7675732, 11.4808625], [106.7676893, 11.4814878], [106.7683366, 11.4826661], [106.7689246, 11.4826792], [106.7693446, 11.4822083], [106.769635, 11.4821097], [106.7714363, 11.48263], [106.773939, 11.4827344], [106.7747282, 11.4829351], [106.7764579, 11.4841093], [106.7783305, 11.4848537], [106.7792857, 11.486517], [106.7803362, 11.4874258], [106.7837093, 11.4887879], [106.7854655, 11.4889878], [106.7863193, 11.4892416], [106.788706, 11.4903762], [106.7898772, 11.4914438], [106.7905912, 11.4918704], [106.7915733, 11.4918977], [106.7932094, 11.4912521], [106.7944752, 11.491368], [106.7951273, 11.4910076], [106.7969042, 11.4912057], [106.7973639, 11.491033], [106.797421, 11.4906287], [106.7979391, 11.4901325], [106.7981246, 11.4890704], [106.7988387, 11.4885888], [106.7992088, 11.4877107], [106.8001836, 11.4868961], [106.8010358, 11.4854439], [106.8015055, 11.4851039], [106.8018611, 11.4839798], [106.802847, 11.4819873], [106.8031556, 11.480606], [106.8027859, 11.4789294], [106.8029894, 11.4782358], [106.8026254, 11.477679], [106.8025436, 11.4772486], [106.8029376, 11.476356], [106.8027931, 11.4752645], [106.8031586, 11.4743338], [106.803497, 11.4718445], [106.8040833, 11.4702304], [106.8053587, 11.4679531], [106.8060208, 11.4670625], [106.8060733, 11.4652944], [106.8069734, 11.4640348], [106.8077004, 11.462521], [106.808723, 11.4611345], [106.8075401, 11.4603512], [106.8064729, 11.4587643], [106.8059994, 11.4573639], [106.8059538, 11.4568683], [106.8063512, 11.4550012], [106.8060746, 11.4518982], [106.80559, 11.4508785], [106.8046046, 11.4495674], [106.8029549, 11.4482418], [106.8022818, 11.4473288], [106.8002452, 11.4463038], [106.7993832, 11.4456201], [106.7960167, 11.4416684], [106.7931726, 11.4378648], [106.7924714, 11.4364897], [106.7918059, 11.4356203], [106.7882442, 11.4326959], [106.7858366, 11.4313119], [106.7852386, 11.4306644], [106.7844111, 11.4293312], [106.7836419, 11.4289499], [106.7826222, 11.4287579], [106.7821877, 11.4281593], [106.7817295, 11.4280715], [106.7813253, 11.427685], [106.7793584, 11.4268555], [106.7775309, 11.4267599], [106.7766216, 11.4263817], [106.7761797, 11.426509], [106.7756611, 11.4270418], [106.7750824, 11.4269754], [106.774304, 11.4265392], [106.7731531, 11.4265656], [106.7720618, 11.4270608], [106.7706967, 11.4264331], [106.7711703, 11.4186234], [106.77113, 11.4122197], [106.7713241, 11.4103001], [106.7702794, 11.4062863], [106.7694551, 11.4040494], [106.7747175, 11.4020669], [106.7809188, 11.4012676], [106.7890352, 11.4012203], [106.7884826, 11.3858807], [106.7892873, 11.3859017], [106.7894053, 11.3829252], [106.7936057, 11.383004], [106.7936754, 11.3795437], [106.7961752, 11.3795437], [106.7965507, 11.3806954], [106.797055, 11.3807112], [106.7974788, 11.3816367], [106.798616, 11.381642], [106.7985544, 11.3825281], [106.8002281, 11.382749], [106.8002655, 11.3823466], [106.8005221, 11.3820952], [106.8003235, 11.3817938], [106.8005647, 11.3814703], [106.800448, 11.3812186], [106.8025212, 11.380493], [106.8039083, 11.3791786], [106.8049214, 11.3789363], [106.8061688, 11.3784979], [106.8069043, 11.3780415], [106.8076634, 11.3778808], [106.8087944, 11.376952], [106.8094254, 11.3767298], [106.8099851, 11.3761273], [106.8110269, 11.3760896], [106.8115515, 11.3758307], [106.8129681, 11.3765382], [106.8139968, 11.3766715], [106.8147991, 11.3770228], [106.8156366, 11.3770126], [106.8164888, 11.3772823], [106.8177919, 11.3773471], [106.8179708, 11.3776489], [106.818369, 11.3778215], [106.8182498, 11.3783183], [106.8184912, 11.378739], [106.8219689, 11.3814492], [106.8250462, 11.38418], [106.825465, 11.3828161], [106.8267371, 11.380636], [106.8302695, 11.3804489], [106.8342704, 11.3805518], [106.8356818, 11.3794032], [106.8355179, 11.3771982], [106.8370339, 11.3769585], [106.8381397, 11.3769604], [106.8398631, 11.3756467], [106.8411463, 11.3750974], [106.8420076, 11.3749906], [106.8439361, 11.3751329], [106.8467723, 11.3757427], [106.8476654, 11.3761093], [106.8490557, 11.3759353], [106.8511659, 11.3762018], [106.8527712, 11.3768019], [106.8539109, 11.3765233], [106.8546276, 11.3766664], [106.855311, 11.375974], [106.8553887, 11.3751189], [106.8555614, 11.3747878], [106.8558698, 11.3747183], [106.8563914, 11.375012], [106.856701, 11.374921], [106.8568184, 11.3745532], [106.8564928, 11.3740743], [106.8568112, 11.3735687], [106.8572051, 11.3732813], [106.856978, 11.3728942], [106.8570721, 11.3723756], [106.8557771, 11.3707267], [106.8555179, 11.3696439], [106.8557085, 11.3694303], [106.8568412, 11.3692014], [106.8572867, 11.3687678], [106.8573348, 11.3671102], [106.8571925, 11.3658907], [106.8580109, 11.3643764], [106.8576753, 11.3629657], [106.8578521, 11.3626233], [106.8584276, 11.3621757], [106.8585531, 11.361504], [106.8581611, 11.3605371], [106.857125, 11.3599462], [106.8564956, 11.3600699], [106.8548227, 11.3614831], [106.8544149, 11.3612793], [106.8543945, 11.3606926], [106.8551799, 11.3578373], [106.8556889, 11.3577567], [106.8564143, 11.3584256], [106.8567127, 11.3581494], [106.8561757, 11.3550693], [106.8557598, 11.3535917], [106.8559152, 11.3527576], [106.8580544, 11.350138], [106.8585931, 11.3498907], [106.8590165, 11.3507609], [106.8593305, 11.3508546], [106.8601485, 11.3500756], [106.8604923, 11.3493013], [106.8601948, 11.3486972], [106.8588601, 11.3487587], [106.8572505, 11.3475242], [106.8568062, 11.3468143], [106.856696, 11.3459903], [106.8572168, 11.3453739], [106.8580162, 11.345595], [106.8590427, 11.3455027], [106.860391, 11.3450153], [106.861728, 11.344185], [106.8630957, 11.3421918], [106.8632948, 11.3396516], [106.8630617, 11.3384839], [106.8614845, 11.3354325], [106.8612922, 11.3353693], [106.8596003, 11.3358367], [106.8590176, 11.3357281], [106.8585861, 11.3354045], [106.8578733, 11.3338256], [106.8569469, 11.3311237], [106.8566609, 11.3307014], [106.8558872, 11.3301555], [106.8554089, 11.3290718], [106.8554681, 11.3285482], [106.8563909, 11.3271616], [106.8563764, 11.3260081], [106.85677, 11.3248091], [106.8566517, 11.3242012], [106.8556527, 11.3223921], [106.8555754, 11.3219323], [106.8572344, 11.3170967], [106.8569775, 11.3149021], [106.8571052, 11.314496], [106.857623, 11.3144017], [106.8592415, 11.3152599], [106.8603041, 11.314784], [106.862419, 11.3142784], [106.8636388, 11.314337], [106.8653989, 11.3149326], [106.866326, 11.3147726], [106.8666369, 11.3143698], [106.8665417, 11.313607], [106.8652488, 11.3119386], [106.865164, 11.3108408], [106.8657974, 11.3105676], [106.8661117, 11.310627], [106.8663427, 11.3109853], [106.8664518, 11.311695], [106.8666991, 11.3118733], [106.8674555, 11.3113365], [106.8679981, 11.3113771], [106.8691125, 11.3111032], [106.8695042, 11.3108323], [106.8699579, 11.3100456], [106.8703519, 11.3097163], [106.8710466, 11.3097005], [106.8718194, 11.310012], [106.8720951, 11.3096306], [106.8725146, 11.3094635], [106.8732968, 11.3095435], [106.8737354, 11.308993], [106.874475, 11.3085851], [106.8749208, 11.3078413], [106.8750254, 11.3073648], [106.8754144, 11.307961], [106.8754462, 11.3086913], [106.874941, 11.3095698], [106.8743709, 11.3116913], [106.8737622, 11.312471], [106.8729743, 11.313996], [106.8724134, 11.3168432], [106.8722047, 11.3170559], [106.8722604, 11.3172879], [106.8719889, 11.3179736], [106.8714077, 11.3188495], [106.8697953, 11.3205428], [106.8699091, 11.3216514], [106.8708962, 11.3239773], [106.8712917, 11.3254446], [106.8720014, 11.3264018], [106.8724059, 11.3273442], [106.8729669, 11.3279486], [106.8750649, 11.3291724], [106.8764484, 11.3305352], [106.8780379, 11.3324397], [106.8789956, 11.3330427], [106.8801873, 11.3341184], [106.8806985, 11.3350128], [106.8811883, 11.3351769], [106.8814722, 11.3361762], [106.8831565, 11.3380952], [106.8837909, 11.3385201], [106.8838501, 11.3391174], [106.8841276, 11.3395939], [106.8893218, 11.3405781], [106.900481, 11.3403622], [106.9008169, 11.340574], [106.9010066, 11.3415816], [106.9016956, 11.3413041], [106.9023133, 11.3415151], [106.902675, 11.3419764], [106.902496, 11.3426628], [106.9029043, 11.3427162], [106.9031409, 11.3429531], [106.9026521, 11.3430508], [106.9023761, 11.3437438], [106.9030812, 11.3438744], [106.9034192, 11.3435788], [106.9040733, 11.3442255], [106.9039126, 11.3446734], [106.9040023, 11.3451161], [106.9038835, 11.34591], [106.9036019, 11.3464725], [106.9037662, 11.3469697], [106.9035492, 11.3473897], [106.9039566, 11.347658], [106.9040632, 11.3479793], [106.9043655, 11.3480884], [106.9043205, 11.3484474], [106.9045418, 11.3487455], [106.9046361, 11.3493669], [106.9051499, 11.349778], [106.9053358, 11.3503654], [106.9059348, 11.3510413], [106.906532, 11.3522815], [106.9070242, 11.3522921], [106.90717, 11.3530209], [106.9079355, 11.3536479], [106.9085867, 11.3534139], [106.908936, 11.3537523], [106.9092395, 11.3538125], [106.909789, 11.3533575], [106.9100584, 11.3533156], [106.9102129, 11.3537548], [106.9104985, 11.3539792], [106.9108993, 11.3540375], [106.9114096, 11.3538475], [106.9116643, 11.3539429], [106.9118541, 11.3549663], [106.9123177, 11.3548522], [106.9131383, 11.354855], [106.9134258, 11.3550432], [106.9137075, 11.3549582], [106.9139078, 11.3552048], [106.9144078, 11.3553686], [106.9148792, 11.3561033], [106.9153668, 11.3558276], [106.9160722, 11.3561337], [106.9167514, 11.3559158], [106.9175322, 11.3559148], [106.9181613, 11.3553865], [106.9180785, 11.3550112], [106.9183293, 11.3546247], [106.9182434, 11.3539259], [106.9186213, 11.3525701], [106.9190666, 11.351933], [106.9193133, 11.351822], [106.9201852, 11.3518277], [106.9212871, 11.3521663], [106.9217056, 11.3531034], [106.9223732, 11.3535317], [106.9228504, 11.3540981], [106.9233453, 11.3543139], [106.9250268, 11.3541904], [106.9267586, 11.3544201], [106.9280208, 11.3543143], [106.9296661, 11.3547851], [106.9301464, 11.3544773], [106.9306604, 11.3536263], [106.9314514, 11.3534074], [106.9325419, 11.3538933], [106.9337201, 11.3540139], [106.9342311, 11.3542384], [106.9343447, 11.3543351], [106.9343358, 11.3553251], [106.9377825, 11.3553716], [106.9391479, 11.3556357], [106.9399566, 11.3562104], [106.9403908, 11.3563275], [106.9410217, 11.356139], [106.9417767, 11.3555849], [106.9439541, 11.3545314], [106.944876, 11.3542388], [106.9443282, 11.3531645], [106.9443569, 11.3523543], [106.9437351, 11.3516387], [106.9440055, 11.3510324], [106.9436231, 11.3504908], [106.944018, 11.3491051], [106.943873, 11.348624], [106.9439484, 11.3480831], [106.9441312, 11.347925], [106.9448124, 11.3479072], [106.9448179, 11.3477094], [106.9443789, 11.3474389], [106.9444011, 11.3471894], [106.9452722, 11.3462198], [106.9461701, 11.3458052], [106.9460946, 11.3453479], [106.9463038, 11.3447325], [106.9458906, 11.3442085], [106.9460775, 11.3440587], [106.9465268, 11.3440556], [106.9466525, 11.3438594], [106.9461851, 11.3430562], [106.9470831, 11.3420869], [106.9474626, 11.3422523], [106.9476869, 11.3421447], [106.9474245, 11.3410363], [106.9476135, 11.3409066], [106.9483877, 11.3409723], [106.9484735, 11.3407417], [106.948285, 11.3401426], [106.9484165, 11.3397799], [106.9485905, 11.3396638], [106.9489434, 11.3399528], [106.9492451, 11.3395508], [106.9495727, 11.3395899], [106.9497926, 11.3391886], [106.9503822, 11.3389589], [106.9505718, 11.3383775], [106.9511178, 11.3378057], [106.9511024, 11.3374627], [106.9513262, 11.3371027], [106.9511272, 11.3361269], [106.9515749, 11.3352911], [106.9514499, 11.3350216], [106.9508507, 11.3348377], [106.9504713, 11.3343615], [106.9504881, 11.3336871], [106.9503052, 11.3332107], [106.9506416, 11.3330059], [106.951481, 11.3332056], [106.951772, 11.3330929], [106.9517929, 11.3328167], [106.9514416, 11.3323147], [106.9514316, 11.3312031], [106.9516816, 11.3310783], [106.9520376, 11.3313904], [106.9521853, 11.3312031], [106.9520572, 11.3308135], [106.9526514, 11.3307474], [106.9526905, 11.3305239], [106.9524107, 11.3299956], [106.9527474, 11.3297386], [106.9532128, 11.3287158], [106.9521953, 11.3272813], [106.9527102, 11.3267337], [106.9524693, 11.3252628], [106.9526733, 11.3247077], [106.9522269, 11.3244693], [106.9518865, 11.3239873], [106.9523411, 11.3236864], [106.9523766, 11.3235114], [106.9518961, 11.3231855], [106.9518319, 11.3225939], [106.9512106, 11.3216715], [106.9508991, 11.3216214], [106.9503159, 11.3220857], [106.9499309, 11.3215148], [106.94886, 11.3213406], [106.9483902, 11.3214668], [106.9481498, 11.3210986], [106.9476505, 11.3209502], [106.9476169, 11.3204861], [106.9479917, 11.3200533], [106.9474652, 11.3196062], [106.9473214, 11.318902], [106.9476771, 11.3185542], [106.9472438, 11.3180123], [106.9448745, 11.317343], [106.9446865, 11.3175232], [106.9447482, 11.3179598], [106.9445363, 11.3181702], [106.9442978, 11.3181626], [106.9438611, 11.3176897], [106.9439797, 11.3169588], [106.943188, 11.3168467], [106.9429912, 11.3158193], [106.9423184, 11.3149344], [106.941743, 11.314651], [106.9420661, 11.3142154], [106.942035, 11.3139376], [106.9409287, 11.3132362], [106.9409448, 11.3129075], [106.9414571, 11.3125629], [106.9414303, 11.312342], [106.9410697, 11.3123276], [106.9402689, 11.3126389], [106.9400688, 11.3125103], [106.9398357, 11.3119357], [106.9391858, 11.3124654], [106.9377127, 11.3123315], [106.9377403, 11.3120788], [106.938497, 11.3112152], [106.9384366, 11.3106066], [106.93909, 11.3103566], [106.9391789, 11.3101201], [106.9389656, 11.3098528], [106.9384118, 11.3097586], [106.9380414, 11.3094414], [106.9376255, 11.3096257], [106.9368078, 11.3094443], [106.9365362, 11.3090423], [106.936954, 11.3081961], [106.9375583, 11.3083636], [106.9381043, 11.3080299], [106.9380351, 11.3074134], [106.9372012, 11.3057564], [106.9372373, 11.3052919], [106.9377915, 11.3048263], [106.9393462, 11.3040492], [106.9399068, 11.3032654], [106.9397489, 11.302843], [106.9386967, 11.302453], [106.9384547, 11.3018505], [106.9385308, 11.3014952], [106.9387285, 11.3013828], [106.9395232, 11.3019126], [106.9398035, 11.3017793], [106.9398119, 11.3012913], [106.9392712, 11.2997812], [106.9391632, 11.298807], [106.9393197, 11.2982271], [106.939945, 11.2974266], [106.939835, 11.2966392], [106.9396077, 11.2964308], [106.939187, 11.2964319], [106.9383873, 11.2971212], [106.937851, 11.2972687], [106.9374162, 11.2971046], [106.9373653, 11.29648], [106.9376712, 11.2961296], [106.9394049, 11.2958153], [106.941455, 11.2948178], [106.9417109, 11.294326], [106.9415634, 11.2934255], [106.9410418, 11.2928077], [106.9391142, 11.2921913], [106.938909, 11.2916134], [106.9391522, 11.2906027], [106.9390963, 11.2897887], [106.9387829, 11.2895392], [106.9379091, 11.2894035], [106.9377238, 11.2885359], [106.9374334, 11.2881803], [106.9362481, 11.2880226], [106.9361699, 11.2878032], [106.9364017, 11.2873648], [106.936287, 11.2871006], [106.9359291, 11.2870406], [106.935205, 11.2874058], [106.9337639, 11.2876658], [106.9332643, 11.2875099], [106.933264, 11.287188], [106.9342571, 11.2858936], [106.9344553, 11.2852008], [106.934289, 11.2846282], [106.9334638, 11.2833859], [106.9332978, 11.2821995], [106.9321311, 11.2817589], [106.9322115, 11.2814321], [106.9332536, 11.280491], [106.9334903, 11.2800975], [106.9331406, 11.2788169], [106.9327408, 11.2786334], [106.9320864, 11.2791164], [106.9315847, 11.2790846], [106.9314404, 11.2787944], [106.9316154, 11.2780119], [106.9313363, 11.2776736], [106.9311193, 11.2778071], [106.9308528, 11.278809], [106.9304757, 11.2789083], [106.9301288, 11.2786794], [106.9298273, 11.2782994], [106.9297138, 11.2777427], [106.9299048, 11.276744], [106.9304239, 11.2753996], [106.9303203, 11.2745947], [106.9292807, 11.2741634], [106.9290953, 11.2738199], [106.92907, 11.2730436], [106.9281893, 11.2723244], [106.9272788, 11.2720379], [106.9259467, 11.2721858], [106.9245484, 11.2710096], [106.9248226, 11.2705489], [106.9266777, 11.2696127], [106.9274094, 11.2689586], [106.9275069, 11.2684922], [106.9272649, 11.2678264], [106.9257604, 11.2677343], [106.9255368, 11.2676492], [106.9254636, 11.2674088], [106.9277913, 11.2652518], [106.9279137, 11.2649738], [106.9276597, 11.2645012], [106.9268364, 11.264283], [106.926477, 11.2644193], [106.926032, 11.265076], [106.9251305, 11.2651988], [106.9241963, 11.264799], [106.9236794, 11.2640743], [106.9239247, 11.2636674], [106.9249848, 11.2636165], [106.9252932, 11.2634687], [106.9257769, 11.2617896], [106.926948, 11.2610256], [106.927126, 11.2607243], [106.9269589, 11.2603321], [106.9259736, 11.2596419], [106.9257505, 11.2590752], [106.9260975, 11.2584334], [106.926823, 11.2587882], [106.9272678, 11.2584859], [106.9269653, 11.2563857], [106.9266781, 11.2560497], [106.9259351, 11.2562457], [106.92535, 11.2560442], [106.9252034, 11.2545756], [106.9253776, 11.2533786], [106.9257272, 11.252798], [106.9263058, 11.2524508], [106.9275244, 11.2523815], [106.9277664, 11.2522029], [106.9276795, 11.2501236], [106.9281459, 11.2490297], [106.9277968, 11.2484923], [106.9270261, 11.2483671], [106.9265398, 11.2481086], [106.9263405, 11.2477004], [106.9263938, 11.247264], [106.9267178, 11.2467758], [106.9270965, 11.2466687], [106.9280809, 11.2474606], [106.9288319, 11.2477921], [106.9293451, 11.2477823], [106.9301657, 11.2474847], [106.9316147, 11.2461358], [106.9317202, 11.2458417], [106.931608, 11.2450035], [106.9313398, 11.2443366], [106.9309736, 11.2439591], [106.9298245, 11.2439724], [106.9283381, 11.2435668], [106.9279817, 11.2437404], [106.9273996, 11.2448075], [106.927118, 11.244972], [106.9265601, 11.2449279], [106.9242775, 11.2434816], [106.9239419, 11.2430388], [106.9237333, 11.2421379], [106.9234706, 11.2418001], [106.922126, 11.24142], [106.9201724, 11.2415191], [106.9196816, 11.2424036], [106.9190633, 11.2426345], [106.9187397, 11.2421575], [106.9188773, 11.2407471], [106.9184525, 11.2404267], [106.9179865, 11.2405816], [106.9177061, 11.240943], [106.9178778, 11.2425306], [106.9175849, 11.2427909], [106.9169133, 11.2426938], [106.9153856, 11.2419061], [106.9150115, 11.2408859], [106.9147324, 11.240653], [106.9143043, 11.2407027], [106.9137686, 11.2411995], [106.9120891, 11.2420863], [106.9116661, 11.2420124], [106.9107968, 11.2413836], [106.9106123, 11.2407715], [106.9108917, 11.2397613], [106.9110127, 11.2384806], [106.9113725, 11.2381358], [106.9130069, 11.2374954], [106.9132386, 11.2372583], [106.9130991, 11.2369595], [106.911747, 11.2363017], [106.9116547, 11.2360452], [106.9117758, 11.2358485], [106.9140707, 11.2359313], [106.9176164, 11.2357065], [106.9181814, 11.2356129], [106.9183877, 11.2353785], [106.9181871, 11.2349661], [106.917255, 11.2348918], [106.9164383, 11.2345122], [106.915351, 11.2334755], [106.9136536, 11.2325098], [106.9132724, 11.2317602], [106.9133334, 11.2311251], [106.9136788, 11.2303566], [106.9146674, 11.2304788], [106.915042, 11.2303146], [106.9152987, 11.2299562], [106.9151629, 11.2288448], [106.9142139, 11.2273193], [106.914077, 11.226536], [106.9145631, 11.2257223], [106.9170046, 11.2241319], [106.917684, 11.2233849], [106.9181704, 11.221696], [106.9179865, 11.2196593], [106.9164455, 11.21588], [106.9159012, 11.2149398], [106.9153372, 11.2143907], [106.9142006, 11.21402], [106.9121694, 11.2141029], [106.9109523, 11.213912], [106.9098337, 11.2130755], [106.9083881, 11.2113337], [106.9077015, 11.2109653], [106.9039786, 11.2109758], [106.9021845, 11.2107518], [106.9018167, 11.2105496], [106.9014923, 11.210073], [106.9013427, 11.208895], [106.9015753, 11.2076502], [106.9022125, 11.2066244], [106.9032383, 11.2058716], [106.9050363, 11.2052428], [106.9060238, 11.2047115], [106.9066383, 11.2040417], [106.9072499, 11.2026649], [106.9076049, 11.200641], [106.9074168, 11.198531], [106.9069338, 11.1972903], [106.905899, 11.1959681], [106.9056139, 11.1948235], [106.9058725, 11.1936442], [106.9066071, 11.1926002], [106.907492, 11.1921157], [106.9082697, 11.191984], [106.909027, 11.192092], [106.9120899, 11.1930533], [106.9134241, 11.1932664], [106.916396, 11.1928037], [106.9187938, 11.1930393], [106.9198787, 11.1929054], [106.9206834, 11.192337], [106.9211769, 11.1915372], [106.9214411, 11.1889719], [106.9217137, 11.1880725], [106.9225361, 11.1873068], [106.9235978, 11.1867852], [106.924373, 11.1869653], [106.9261014, 11.1888638], [106.9269361, 11.1895], [106.9276067, 11.1897602], [106.9292657, 11.1898867], [106.9306586, 11.1897877], [106.932502, 11.1894218], [106.9333631, 11.1889692], [106.9344927, 11.1878], [106.9356072, 11.1861892], [106.9364065, 11.1847433], [106.9375035, 11.1818546], [106.9395353, 11.1790649], [106.9405928, 11.1781819], [106.9417748, 11.177562], [106.9424899, 11.1774244], [106.9438179, 11.1776086], [106.9446989, 11.1775244], [106.9452631, 11.1773283], [106.9457716, 11.1765986], [106.9457472, 11.1749525], [106.9452325, 11.1737336], [106.9411529, 11.169455], [106.9410467, 11.1686132], [106.941439, 11.1676811], [106.9422148, 11.1670981], [106.9447321, 11.1662617], [106.9471317, 11.1662397], [106.9486429, 11.1659297], [106.9531381, 11.163845], [106.9537266, 11.1632536], [106.9541462, 11.1624693], [106.9555931, 11.1587265], [106.955694, 11.1574917], [106.9554268, 11.1547629], [106.9555851, 11.1533969], [106.9558543, 11.1528498], [106.9567247, 11.152117], [106.9584841, 11.1513109], [106.9643092, 11.149888], [106.9652188, 11.1492664], [106.9657517, 11.1484492], [106.966694, 11.1448769], [106.9662917, 11.1436558], [106.9654091, 11.1427436], [106.9646482, 11.1424621], [106.9634545, 11.1422931], [106.959908, 11.1420347], [106.9569139, 11.1421639], [106.9550693, 11.141961], [106.9543098, 11.1414052], [106.953933, 11.1403972], [106.9539147, 11.1396262], [106.9541326, 11.1389045], [106.9548196, 11.1380606], [106.9564068, 11.1369071], [106.9568663, 11.1359924], [106.9569722, 11.1350959], [106.9567573, 11.133936], [106.9563138, 11.1329291], [106.9553711, 11.1319113], [106.9541508, 11.1311105], [106.9536489, 11.1305947], [106.9532897, 11.1298389], [106.9533565, 11.1290684], [106.9554649, 11.126579], [106.9566847, 11.1232321], [106.9585038, 11.1199365], [106.9596648, 11.1187132], [106.9620186, 11.1171981], [106.9626012, 11.1166027], [106.9636607, 11.1142845], [106.9653401, 11.1117905], [106.9656638, 11.1108996], [106.965773, 11.1099636], [106.9657177, 11.1093478], [106.9652578, 11.1080402], [106.9623113, 11.1077581], [106.959544, 11.1080539], [106.9584717, 11.1077881], [106.9578057, 11.1073392], [106.9573057, 11.106494], [106.9572633, 11.1056247], [106.9577492, 11.1044697], [106.959421, 11.1024636], [106.959564, 11.1012882], [106.9592505, 11.100312], [106.958381, 11.0994132], [106.9573537, 11.0988488], [106.953578, 11.098146], [106.9525968, 11.0976342], [106.9520528, 11.0969503], [106.9512176, 11.0951349], [106.9500589, 11.0931345], [106.947402, 11.0903137], [106.9468188, 11.0893022], [106.946658, 11.0881867], [106.9471148, 11.085811], [106.9470656, 11.0842379], [106.9467828, 11.0831558], [106.9456618, 11.0815681], [106.9450165, 11.0800074], [106.9448662, 11.0790156], [106.9450369, 11.0778159], [106.9453704, 11.0770151], [106.94661, 11.075978], [106.9476079, 11.0754613], [106.949964, 11.0746215], [106.9519641, 11.0732939], [106.9524994, 11.0724921], [106.9524719, 11.0711348], [106.952011, 11.0703601], [106.9504799, 11.0691415], [106.949029, 11.0672967], [106.9484998, 11.0654134], [106.9485247, 11.0620847], [106.948049, 11.0599919], [106.9472051, 11.0585573], [106.9457352, 11.0574727], [106.9446805, 11.0570408], [106.943569, 11.0568255], [106.9424498, 11.0568342], [106.9414028, 11.0570995], [106.9400234, 11.0584122], [106.9382547, 11.0618616], [106.9369433, 11.0635175], [106.9353888, 11.064553], [106.9335236, 11.0648595], [106.932214, 11.0646072], [106.9310554, 11.0639477], [106.930393, 11.0632429], [106.9286165, 11.0603033], [106.9278237, 11.0593773], [106.9264008, 11.0583517], [106.9238805, 11.0571927], [106.9225287, 11.056146], [106.9221693, 11.0553725], [106.9221483, 11.0544172], [106.9235174, 11.0499695], [106.9234658, 11.0487359], [106.9231568, 11.0476362], [106.9225254, 11.0468548], [106.9213188, 11.0459431], [106.9145061, 11.0430828], [106.9135362, 11.0423931], [106.9127932, 11.041485], [106.9123209, 11.0404224], [106.9120899, 11.0389786], [106.9117345, 11.0318178], [106.9110854, 11.0261691], [106.9103086, 11.0244077], [106.9096354, 11.0235722], [106.9085434, 11.0227521], [106.9070739, 11.0221541], [106.9056608, 11.0223222], [106.9038211, 11.0230611], [106.9026536, 11.0239091], [106.9004952, 11.0259546], [106.8983337, 11.0272233], [106.8963667, 11.0277913], [106.8946528, 11.0279234], [106.8921661, 11.0275565], [106.8876701, 11.0260393], [106.8847753, 11.0247444], [106.8779828, 11.0212274], [106.8749575, 11.0200326], [106.8738882, 11.0198334], [106.8727732, 11.0198704], [106.8701097, 11.020965], [106.8683159, 11.0221307], [106.8667437, 11.0235425], [106.8634403, 11.0276552], [106.8607012, 11.0307187], [106.8585846, 11.0324687], [106.8562895, 11.0335351], [106.8510194, 11.0344636], [106.8471912, 11.0355089], [106.8445356, 11.0367758], [106.8421802, 11.0381828], [106.8401105, 11.0399863], [106.83902, 11.0412875], [106.8381765, 11.0426121], [106.835755, 11.0492087], [106.8319488, 11.0564965], [106.8298553, 11.0622772], [106.8291791, 11.0632724], [106.8283601, 11.0641134], [106.8268754, 11.0648483], [106.8246606, 11.0653547], [106.8226325, 11.0652962], [106.8126995, 11.0625042], [106.8044318, 11.0606913], [106.802592, 11.0600799], [106.8008694, 11.0592569], [106.799373, 11.0580832], [106.7987562, 11.0571193], [106.7985597, 11.0556975], [106.7988554, 11.0542668], [106.7994127, 11.0532242], [106.800239, 11.0523914], [106.8034542, 11.0505044], [106.8073887, 11.0475837], [106.8091576, 11.0457113], [106.8102335, 11.0440939], [106.8109065, 11.0426657], [106.8119278, 11.0396896], [106.8131589, 11.034483], [106.8130636, 11.0322714], [106.8122867, 11.0302254], [106.811388, 11.028648], [106.8105933, 11.0276054], [106.8096965, 11.0268257], [106.808659, 11.0262377], [106.8059092, 11.0254923], [106.8018327, 11.0251755], [106.7992508, 11.0247781], [106.794097, 11.0234387], [106.792086, 11.0223785], [106.7898717, 11.0201085], [106.7889431, 11.0194098], [106.7876673, 11.0188369], [106.785686, 11.0184105], [106.7850773, 11.0181369], [106.7844104, 11.0173251], [106.7839337, 11.0146907], [106.782956, 11.0129315], [106.7810803, 11.0113522], [106.7774002, 11.0093716], [106.7761216, 11.0084255], [106.7750198, 11.0070222], [106.7744865, 11.0051579], [106.7747383, 11.0032427], [106.7782441, 10.9941122], [106.7798656, 10.9908404], [106.7821182, 10.9870711], [106.7839177, 10.9850171], [106.7948257, 10.9755133], [106.795616, 10.9745432], [106.7961798, 10.9734786]]]}}]}